id,domain,status,purchase_price,renewal_price,attractiveness,demand,length,registrar,created_at,expires_at,status_verified_at
63e7e0fe-e2c9-4a4c-ba3c-db7649f1ebc6,potatoes.my,premium,91.96,91.96,medium,low,8,namesilo,,,27/09/2026 02:12
562abdc2-ccf9-4f17-917e-f95d01eee68b,hess.inc,premium,2015,2600,high,low,4,namecheap,,,27/09/2026 03:38
62479322-ab7d-4c73-a9ae-71cb76d8516f,beer.farm,resell,,,high,low,4,Porkbun LLC,18/05/2021 13:12,18/05/2027 13:12,26/09/2026 04:20
a46cd384-0508-40aa-aabb-ba8635b6a588,democratic.domains,available,42.99,42.99,high,low,10,namesilo,,,24/09/2026 05:46
af08033a-aac7-4646-bd01-619a32469423,eclectic.estate,available,6.98,52.98,high,low,8,namecheap,,,14/08/2026 23:43
7b653e66-081b-4494-9e52-efebd5a82dd8,squatting.motorcycles,available,1.8,21.98,medium,low,9,namecheap,,,10/09/2026 17:35
72d3ee9e-5374-4fc6-942e-623593027f7d,edifying.insure,available,9.99,94.99,high,low,8,name.com,,,15/08/2026 10:17
626c034a-e8b2-4a47-af02-81b5559575ad,cheery.insure,available,9.99,94.99,high,low,6,name.com,,,12/08/2026 03:56
c76f074f-fd96-4c8b-8874-ef4f7d04e097,ayrshire.press,available,4.99,86.99,high,low,8,namesilo,,,21/09/2026 10:44
3a803f02-4c3f-4d91-90a9-72512b5100c7,auspicate.wedding,available,33.98,43.98,medium,low,9,namecheap,,,21/09/2026 03:29
899bf56f-dede-4900-91ca-4f8af96e1ce4,names.clinic,available,11.98,82.98,high,low,5,namecheap,,,25/09/2026 09:32
00620b57-90e6-478b-be52-6ecee41d8c9c,organisations.services,available,14.99,38.99,medium,low,13,namesilo,,,21/09/2026 01:37
4c9532a7-75a6-4521-836b-a359ca47edef,reflexes.download,available,5.25,6.25,medium,low,8,namesilo,,,19/09/2026 23:46
64ca031c-4d5d-4979-928f-f4235be6eb99,flu.fyi,premium,17.7,17.7,high,low,3,namesilo,,,
3ed7dc58-73cd-42c6-b72c-c89cd64d1d73,tracking.guide,premium,78.54,78.54,high,low,8,namesilo,,,
be2e5747-b84c-47d7-9fc2-0ad0c2363092,auckland.store,premium,812.5,3250,high,low,8,namecheap,,,21/09/2026 02:39
feacb013-c5c7-44a5-b1c1-a81664e8e7b9,den.tube,premium,650,26,high,low,3,namecheap,,,24/09/2026 21:50
8aeb4fc2-15e4-40de-aef6-f584e6a9acf5,owe.page,premium,70.21,70.21,high,low,3,namesilo,,,
b0b90f82-77f0-430c-9b6d-a506fe6f3efc,built.institute,available,9.99,27.49,high,low,5,namesilo,,,23/09/2026 10:20
b37e0f12-4db0-4fd1-aaf7-e2ae6309ef46,billow.mobile,available,22.98,26.98,medium,low,6,namecheap,,,23/09/2026 16:34
591f3049-ba04-4467-829d-0a09524074b6,visited.vegas,available,12.99,43.99,high,low,7,namesilo,,,
a3d3ade7-2bf0-496d-8c36-34c2dbcf3239,rampageous.xxx,available,69.98,154.98,high,medium,10,namecheap,,,09/09/2026 10:10
c9cf579b-362c-41e2-91cf-b6dc55e8cded,allis.show,available,18.99,44.49,medium,low,5,namesilo,,,18/09/2026 11:06
da4b1145-2524-41da-bd07-08daac8c7467,pigweed.vodka,available,33.98,43.98,medium,low,7,namecheap,,,18/09/2026 15:54
58509ad3-3305-4c85-bb0a-e7044a8be1f6,pangolin.miami,available,23.49,23.49,high,low,8,namesilo,,,19/09/2026 12:39
7c0bb30b-74da-4251-94e8-1d06b9efc323,olga.immobilien,available,37.99,37.99,medium,low,4,namesilo,,,27/09/2026 01:37
fdb6451b-6e56-4b18-8aae-30849034ffb4,blase.faith,available,11.99,11.99,medium,low,5,namesilo,,,10/08/2026 13:19
e9395722-031f-4bc7-b018-909ce678a60a,pot.show,premium,128.7,128.7,high,low,3,namecheap,,,25/09/2026 20:52
b26656d1-337b-45c8-afd8-fe70ecfaf337,artery.cyou,premium,384,768,high,low,6,namesilo,,,20/09/2026 10:30
719c240d-6b83-498e-8964-a3780cd462ce,ordered.link,premium,41.3,41.3,high,low,7,namesilo,,,22/09/2026 08:32
90be4795-7091-4c6a-aece-c3ab7a4245ff,unhearing.juegos,available,599.99,599.99,medium,low,9,name.com,,,13/08/2026 19:50
aa07674d-745e-4c2d-a15a-c3c00ab14db0,verdant.bargains,available,14.98,37.98,high,low,7,namecheap,,,13/09/2026 02:22
4a2248f9-3769-4ef7-bdd5-d1ceff5fd256,airline.vacations,premium,854,854,high,low,7,namesilo,,,
2de23819-9b45-4f9d-9246-c533c10d5572,mammary.bingo,available,14.99,77.99,medium,low,7,name.com,,,24/08/2026 14:23
e8e21ce8-0f9e-4acd-8cbe-f5b9f6c5f38c,oblige.london,available,12.98,41.98,high,low,6,namecheap,,,03/09/2026 23:41
7f4c44ce-0c26-4488-a248-66b819d2ecbb,manifestly.autos,available,1.8,21.98,medium,low,10,namecheap,,,08/09/2026 20:23
11e3d6e1-0fbb-4f41-8b71-cbe911d7e129,dalmatian.gallery,available,41.99,41.99,high,low,9,name.com,,,13/08/2026 16:00
80f03f06-56ac-4a6f-95ea-b14503a4db5c,astride.marketing,available,6.98,53.98,medium,low,7,namecheap,,,13/09/2026 22:11
b0cddc23-1c82-4c9e-bf05-aadc8e20b5dc,bandicoot.tools,available,18.99,36.49,medium,low,9,namesilo,,,22/09/2026 01:13
0913bcd4-2d4d-4705-a83d-d952721c8990,departed.theater,available,19.99,83.99,medium,low,8,name.com,,,07/08/2026 11:31
b2463ca5-a4e1-4509-93ba-2e7a99950cfa,whoreson.living,available,1.8,48.98,low,low,8,namecheap,,,08/08/2026 23:43
f123c2cf-4754-4645-a76a-36ec3d1124a4,posterior.bike,available,5.98,48.98,medium,low,9,namecheap,,,09/08/2026 11:12
dcb79cd7-c35b-40ea-842f-b76e1eb3e6db,bet.news,resell,,,high,medium,3,"Name.com, Inc.",12/07/2015 17:10,12/07/2027 17:10,26/09/2026 04:23
9f0ef111-0dfe-4c1d-b2c4-303a14cebe7b,fissure.asia,available,1.98,18.98,high,low,7,namecheap,,,13/08/2026 04:18
5eb63e43-61f9-4d08-9ace-7abf865547ed,digestible.equipment,available,19.99,41.99,medium,low,10,name.com,,,14/08/2026 07:14
12f28ea2-f2f3-40a8-88c1-9999dd555280,allergist.to,available,29.98,,medium,low,9,namecheap,,,
26533d8d-3a6a-4a92-968b-ba9cf43a17a0,strikingly.tech,premium,81.25,325,high,low,10,namecheap,,,16/09/2026 07:22
bc2d619a-693e-4c83-8a1c-ff7472fc761a,rounded.deal,available,38.98,48.98,high,low,7,namecheap,,,19/09/2026 15:40
c7586c98-07c2-476e-a549-929b58967eb7,nude.reisen,available,3.99,20.99,high,low,4,namesilo,,,07/08/2026 16:15
7ae34f1d-ef1c-4282-a423-d5fd84f3d74b,baseboard.observer,available,10.99,10.99,medium,low,9,namesilo,,,22/09/2026 10:08
512a3c87-aea8-492a-b0e1-92eaf4aaa9cd,accurate.gg,resell,,,high,low,8,Enrapture Limited (https://enrapture.gg),,,26/09/2026 01:20
3cd57bde-a1f6-458e-9fd7-96474c195070,elvish.management,available,14.99,33.99,medium,low,6,name.com,,,16/08/2026 03:43
54932a1e-09ca-4c88-a510-04c16d0a8a6c,difficulty.voto,available,19.99,,high,low,10,name.com,,,
f705261c-f446-48b2-8324-af5a6a5ee6db,auspex.dog,available,5.98,86.98,medium,low,6,namecheap,,,21/09/2026 03:22
78cdcff8-1098-4d9e-8702-216da4ab12b5,shiatsu.cam,available,8.99,17.49,high,low,7,namesilo,,,17/09/2026 05:40
dd3e8049-bb3d-4d97-9b3b-dac9d0b05b1b,malcolm.mobile,available,22.98,26.98,high,low,7,namecheap,,,25/09/2026 14:54
54b28515-a9f3-4621-9486-b37e3e0559dc,attained.flights,available,23.98,75.98,high,low,8,namecheap,,,07/08/2026 15:07
bb25fc24-0d84-4f80-96f7-a22fb70d6115,squishy.sarl,available,6.98,8.98,high,low,7,namecheap,,,10/09/2026 16:26
d703d451-6eda-430e-82dd-076f5ebb3b84,aunt.plumbing,available,14.99,,high,low,4,name.com,,,
bee2d80c-984c-471d-8194-d6d26dd92753,microbial.care,available,10.98,59.98,high,low,9,namecheap,,,08/09/2026 09:41
1636825d-038c-42d9-b2b1-8f3ef34bbad1,agreed.viajes,available,37.99,37.99,high,low,6,namesilo,,,21/09/2026 23:21
0f2f730e-4c3f-4b26-bb78-c5dd4ba90339,chargeable.garden,available,1.98,43.98,medium,low,10,namecheap,,,12/08/2026 02:27
8b907e37-3794-4a68-8eae-bf0ea205e197,stripping.casa,available,2.19,12.99,medium,low,9,namesilo,,,22/09/2026 05:59
75295506-20de-4da8-9960-d6e8d66cd7ac,xanax.cleaning,available,79.98,94.98,medium,low,5,namecheap,,,18/09/2026 14:09
dff975bc-201d-48c1-bbe8-ab403de7d9c9,minded.wine,available,8.48,75.98,high,low,6,namecheap,,,24/08/2026 23:35
c1744782-bd87-436d-a492-287885781218,neutered.flights,available,23.98,75.98,medium,low,8,namecheap,,,03/09/2026 16:35
5237e5d6-40b6-4c90-95d0-b6084a4cc11f,autograph.computer,available,23.99,38.99,high,low,9,namesilo,,,21/09/2026 06:37
81230dc4-f777-4dfd-9e5b-b7cac034179c,silly.ngo,available,18.98,24.98,high,low,5,namecheap,,,21/09/2026 23:43
bce594f6-f655-425e-936e-1880ab0f6ece,crownless.racing,available,11.99,11.99,medium,low,9,namesilo,,,13/08/2026 08:38
0e76becf-07d9-4743-8fe2-eeee38dd1ab7,costs.menu,available,27.99,27.99,high,low,5,namesilo,,,
e2ffca81-42c3-4e78-86c5-24f02bccd76e,anthropoid.irish,available,5.98,31.98,medium,low,10,namecheap,,,
53402df2-62fd-40cd-a88e-b1a1555ed9e4,earthworms.cloud,available,,,high,low,10,,,,
930fc761-4daf-493a-93f2-36754c3bb268,referees.im,available,4.98,12.98,medium,low,8,namecheap,,,20/09/2026 11:54
5a4aefdc-d60b-43e0-bd6a-ba5d78c839d6,alvine.courses,available,1.98,50.98,medium,low,6,namecheap,,,
8fdbe18f-47a1-4714-846c-898d308b4b24,tiring.tennis,available,65.99,65.99,medium,low,6,namesilo,,,11/09/2026 16:24
6154c2b4-67fc-4a6c-b0b0-a7c6f6cc2ea0,bedlam.builders,available,34.98,43.98,medium,low,6,namecheap,,,22/09/2026 23:22
2471bd50-d724-48d7-bfc5-7b644c684013,urges.florist,available,32.99,32.99,medium,low,5,namesilo,,,16/09/2026 09:15
cff280b2-0527-483d-b3dd-f2b5944852e0,mouthy.lease,available,14.99,,medium,low,6,name.com,,,
836722ef-a3df-4ae2-a21e-e46ffd5f0740,offprint.ltd,available,4.98,42.98,medium,low,8,namecheap,,,10/09/2026 03:57
3ecf3152-44e0-461f-908d-c679b784d34d,goal.insure,available,9.99,,high,low,4,name.com,,,
f0decc2e-3495-4bd1-8999-c1e0e7d6c44b,awheel.fashion,available,32.49,32.49,medium,low,6,namesilo,,,08/08/2026 01:05
f70c9913-f02a-4103-8c95-0ebdb24295d1,antlered.ski,available,39.99,86.99,medium,low,8,name.com,,,05/08/2026 20:11
9398fe92-31a3-4da7-9e26-1fc51b9b7b8a,main.buzz,premium,116,53.92,high,low,4,namesilo,,,23/09/2026 09:34
f93f0cf8-3098-4e3d-a5b0-3cd357a0f377,indiscrete.kaufen,available,5.99,26.99,medium,low,10,namesilo,,,22/08/2026 03:09
dfa65f60-8eee-4f74-978a-63fcb79fb539,similitude.ong,available,18.98,24.98,medium,low,10,namecheap,,,18/09/2026 07:51
143dcfe9-c0cb-45bb-9950-44b420603598,crisply.news,available,8.98,41.48,medium,low,7,namecheap,,,14/09/2026 09:37
a61eb39b-ab58-4845-8c5d-2bdb66d89006,advisors.organic,available,17.99,85.99,high,low,8,namesilo,,,24/09/2026 14:22
8db98fc2-0575-4bed-8960-86c5bf0772bb,electrocardiograph.space,available,,,high,high,18,,,,
07cc56a7-b8b0-45fc-8680-b28c842150f4,oblique.rehab,available,14.99,52.99,high,low,7,name.com,,,14/08/2026 05:11
0c9286b7-d3b3-49a3-9a31-d82bb5a9206d,nourish.bingo,available,53.99,53.99,high,low,7,namesilo,,,18/09/2026 07:58
59569bc0-8fb5-4f81-92c2-dab6929d8607,shelvy.esq,available,25.98,29.98,high,medium,6,namecheap,,,09/09/2026 12:30
1cdedbfe-f58d-4826-aa39-9b7031b8c1da,washes.discount,available,30.99,30.99,medium,low,6,namesilo,,,20/09/2026 04:54
4e5ad5d6-de85-4ad6-babd-6243cb98aa71,libraries.new,available,488.98,601.98,medium,low,9,namecheap,,,20/09/2026 00:02
76f597c4-21b7-407f-a151-850225f85a4d,miniature.casino,available,6.98,191.98,high,low,9,namecheap,,,24/08/2026 23:48
8a8d91cf-4100-479e-8f07-f170695be943,troubling.beauty,available,1.8,19.98,medium,low,9,namecheap,,,14/08/2026 13:19
3e294448-734d-4512-9be9-34faa4b89c4d,wannabe.homes,available,1.8,19.98,medium,low,7,namecheap,,,07/08/2026 05:17
2c747f44-8e66-4258-80ff-449bc8e10353,baldachin.engineer,available,40.98,52.98,medium,low,9,namecheap,,,21/09/2026 21:30
e694da8e-e8e9-4bd5-ba06-f12b3f6fddbb,chenille.ai,available,,,high,high,8,,,,
fb804087-56f5-4003-a644-56459170dae9,whispering.gives,available,7.48,37.98,high,low,10,namecheap,,,03/09/2026 11:10
4a6fc20e-b2bb-4ccd-b122-5a370ba65163,pseudonym.berlin,available,79.98,89.98,high,low,9,namecheap,,,19/09/2026 11:33
23e15a78-8615-45f3-8d34-199cba84ec7e,dampen.kids,premium,62.5,22.5,medium,low,6,name.com,,,13/08/2026 16:53
50980d37-5524-432d-92da-d470fb3e596d,shear.mortgage,available,14.99,,medium,low,5,name.com,,,
81ce22d2-d893-4f40-bd4d-0932a41ca43b,aeneid.immo,available,36.98,43.98,medium,low,6,namecheap,,,17/09/2026 12:28
a54b30cd-bed7-4d52-9456-947b43e1c966,saucer.team,available,7.99,,high,low,6,name.com,,,
3d1eb745-aa96-4d78-ae6e-cf7e9cb18a3e,abwatt.dealer,available,2099,2099,medium,low,6,namesilo,,,16/09/2026 19:39
cebd7a51-a549-41ef-bda7-1d3b4e62746e,service.poker,resell,,,high,medium,7,"GoDaddy.com, LLC",12/11/2024 16:53,12/11/2026 16:53,26/09/2026 08:56
3bf91081-5eab-4b8e-bed0-424d26486377,akko.boo,available,12.98,16.98,high,low,4,namecheap,,,16/09/2026 22:23
cb4139f1-040a-4525-94e2-797ff79b885f,bacon.international,available,14.99,,high,low,5,name.com,,,
cbc450b4-02ce-44ac-98b2-73b009b5e1c6,audiologist.gg,available,,,high,high,11,,,,
25dd7436-fddb-4088-9098-3f878bdd820e,flexibly.store,premium,81.25,325,high,low,8,namecheap,,,14/09/2026 18:58
4fba6be2-0461-472f-a2ba-daa5792cedd4,bituminous.clothing,available,19.99,46.99,high,low,10,name.com,,,10/08/2026 08:53
a71bce7d-6939-4552-894d-28b4d3e3d824,unseeable.ong,available,16.99,16.99,medium,low,9,name.com,,,22/08/2026 09:08
a6f750bf-ed44-4ef3-b4ab-a12903c0d403,similarly.today,available,2.99,,medium,low,9,name.com,,,
ef56f18f-d669-4359-a599-f3dc3638dc23,climbing.ryukyu,available,17.98,22.98,high,low,8,namecheap,,,24/09/2026 15:41
402e809c-0ad7-4c82-be64-8173b241c1a8,biased.hockey,available,14.99,77.99,medium,low,6,name.com,,,09/08/2026 18:36
f0af79e3-74ff-4166-9351-5ae6ad90aaa7,sultry.plumbing,available,14.99,94.99,high,low,6,name.com,,,10/09/2026 20:31
c78f4ba7-a61b-4130-a8ab-0df57f5b7622,wrap.adult,available,,,high,low,4,,,,26/09/2026 00:32
b7d8df30-9a4b-4584-b91a-98f631ddc318,passel.studio,available,14.98,52.98,medium,low,6,namecheap,,,25/08/2026 00:35
adced3e1-a9eb-4fbc-a8f2-c337a933c853,lazy.exposed,available,22.98,28.98,high,low,4,namecheap,,,17/08/2026 20:54
efbfbcc5-bea0-4141-a9be-a9ec9883c291,invertible.observer,available,10.99,10.99,high,low,10,namesilo,,,22/08/2026 09:00
d2ed2859-30bb-4d02-94b1-dadebf6322fb,ciliary.band,available,17.48,39.98,medium,low,7,namecheap,,,12/08/2026 08:04
838f9b63-8e0f-41c6-b78c-95517915295f,homozygous.plus,available,4.98,72.98,medium,low,10,namecheap,,,21/08/2026 13:12
ccf9b402-2b24-471a-aaf1-5e87d30bb641,franciscan.beauty,available,1.8,19.98,high,low,10,namecheap,,,18/08/2026 14:06
08b78a91-95e7-4d25-8993-faaafcdf6158,intrinsic.homes,premium,2660,2660,high,low,9,namesilo,,,25/09/2026 10:55
52f94a0d-e3cb-41a0-9fcd-31be23ae30f9,untainted.cloud,available,3.98,32.98,high,low,9,namecheap,,,10/09/2026 18:22
a5a87d35-4491-4430-85c7-9d5ef8ca07d7,creates.rocks,available,11.99,21.99,medium,low,7,namesilo,,,25/09/2026 23:26
1bc357c2-8067-48fa-8967-dc569f6bff9e,begging.jetzt,available,23.99,23.99,medium,low,7,namesilo,,,23/09/2026 02:16
10522146-7364-40b8-b310-25953b93ff01,brainless.theater,available,19.99,83.99,medium,low,9,name.com,,,11/08/2026 01:41
fb341aed-6b1b-476f-b6e5-968068341aea,prepared.place,available,22.49,22.49,high,low,8,namesilo,,,24/09/2026 11:20
4c858fac-9060-4922-81bf-a9a361eca116,isles.courses,available,2.19,38.99,medium,low,5,namesilo,,,20/09/2026 01:00
260ea6d3-ceb9-4414-b325-b8af2f117283,siri.show,available,,,high,high,4,,,,
793228cb-6037-4604-84f8-def3f7442fff,hospitable.menu,available,27.99,27.99,high,low,10,namesilo,,,21/08/2026 14:16
8adab54d-8158-4fbc-a226-9f1286563354,pestilent.download,available,5.25,6.25,medium,low,9,namesilo,,,08/08/2026 12:06
bfd5c040-bcf4-4e34-9b8e-9da52f550e24,clayton.ltda,available,42.98,46.98,high,low,7,namecheap,,,25/09/2026 21:46
d303a913-d29f-4d9f-9643-f71d81ae9154,bugler.dev,available,,,high,high,6,,,,
199a032e-d2bc-4f7b-9bdd-1c9ba464ed71,modem.attorney,available,69.99,,high,low,5,name.com,,,
79a7fef4-ead1-4b80-bd6e-73069e6897c9,capture.rich,available,94.99,1999,high,low,7,namesilo,,,24/09/2026 12:42
224cdf24-5104-41d6-b433-82b6d5974b49,disruptive.cfd,premium,68.43,147.2,medium,low,10,namesilo,,,14/08/2026 12:21
2f8282b6-99ce-4c3c-ad04-dfeccff9542d,sobersided.forum,available,1.8,49.98,high,medium,10,namecheap,,,10/09/2026 13:07
1232b904-ad79-4ca9-905f-5b9b9d17409c,tattered.boston,available,23.49,23.49,high,medium,8,namesilo,,,10/09/2026 06:05
7e2cd35f-747c-49bf-98f1-0ac1009a8f1a,indifferent.me,available,9.99,19.99,high,low,11,namesilo,,,25/09/2026 11:06
8151a547-f119-4a92-8ef2-44c498ff5183,unhallowed.camera,available,58.99,58.99,medium,low,10,namesilo,,,12/09/2026 11:49
4c4c414b-e58d-4f42-b593-d74cc4757a2a,apostasy.menu,available,34.98,38.98,medium,low,8,namecheap,,,19/09/2026 19:16
0a34f185-ac90-4681-8769-652cced998f6,sticky.attorney,available,62.99,62.99,high,low,6,namesilo,,,16/08/2026 07:55
f91eb35d-7637-42c1-8ac5-2a8d5c1704db,stopgap.sucks,available,218.99,218.99,high,low,7,namesilo,,,24/08/2026 13:27
debb0591-8206-46c4-ac63-ff11cc6c8a0e,hanger.sexy,available,2999,,medium,low,6,name.com,,,
37668d3c-71cc-404d-8881-264d9fef2549,obnoxious.hockey,available,59.99,59.99,medium,low,9,namesilo,,,03/09/2026 23:32
fb53ab69-5add-40fd-a9df-88d69e13bf84,birmingham.bar,available,2.8,81.98,high,low,10,namecheap,,,11/08/2026 06:43
84df6e61-6fbc-4b5e-85a0-ee0e08971a2c,bida.careers,available,34.99,71.99,medium,low,4,namesilo,,,23/09/2026 13:39
a29420a2-42d1-433b-9f8e-16b4dd75bc84,lawful.info,available,3.98,35.98,high,low,6,namecheap,,,22/08/2026 21:21
d6c0c6a1-8882-49f9-8520-a2d8fddb091a,anthracite.qpon,available,2.19,11.49,medium,low,10,namesilo,,,19/09/2026 13:48
b2637a69-b007-417c-91da-a5ae7cb37903,apposition.bet,available,8.98,35.98,medium,low,10,namecheap,,,19/09/2026 22:03
a9e910b4-ecc4-4aa7-8b08-934ee4b164c7,applicant.boo,available,12.98,16.98,high,low,9,namecheap,,,19/09/2026 21:53
84607e6d-2317-4fbd-8d56-dfb7edf3ef14,earthly.training,available,8.98,53.98,high,low,7,namecheap,,,14/08/2026 22:42
23ca3b80-8299-477d-9738-eebf189437b8,transformational.dev,available,,,high,high,16,,,,
e373daf2-6fe9-4ce1-b946-12b1facea655,physician.management,available,25.99,25.99,high,low,9,namesilo,,,24/09/2026 23:20
4de31c5d-e1df-4b8f-a35f-cc9b17752c6f,baccharis.schule,available,28.99,28.99,high,low,9,namesilo,,,21/09/2026 14:00
ab8ae483-68ca-40a5-a6d7-12866f0dd1e5,rides.immo,available,36.98,43.98,high,low,5,namecheap,,,17/09/2026 06:42
70f7e60c-3857-411b-9bc7-9334269c59e0,galangal.gives,available,14.99,23.99,medium,low,8,namesilo,,,18/09/2026 14:03
4e64ee3c-5035-4aa5-b330-0d5cbdac170e,anorexia.democrat,available,7.25,32.99,medium,low,8,namesilo,,,19/09/2026 11:46
52fd6414-54e0-4afc-8579-628e1b74e685,outlined.poker,available,5.98,85.98,high,low,8,namecheap,,,04/09/2026 19:31
7767b181-bd6d-4724-8d69-871fb2676922,bamboo.sex,available,69.98,154.98,high,medium,6,namecheap,,,22/09/2026 00:40
77fcea54-658c-4ab1-9d7d-9ff4ee5ca9af,distal.band,available,17.48,39.98,medium,low,6,namecheap,,,14/08/2026 13:03
6cb019f5-5c74-4bd5-956f-2b7b6026e509,sweetsop.lgbt,available,14.99,79.99,medium,low,8,namesilo,,,19/09/2026 10:27
5fc288d1-78a8-4d6c-8332-424b77f40fba,bataan.education,available,34.99,34.99,medium,low,6,namesilo,,,22/09/2026 13:10
88172633-a200-48dd-94eb-ac1777cb20f2,credendum.coffee,available,16.99,42.99,medium,low,9,namesilo,,,20/09/2026 11:13
86cef923-fdad-406f-9393-94da58346ad0,earle.condos,available,61.98,72.98,medium,low,5,namecheap,,,26/09/2026 03:17
80ccc5d5-6b0c-4b42-8870-201511b0743a,amanita.center,available,5.99,32.49,medium,low,7,namesilo,,,18/09/2026 15:43
0c369402-ef93-45d9-ab28-1bdd4f6e00ee,mantra.bot,resell,,,high,low,6,"Dynadot, LLC",29/08/2026 07:38,29/08/2027 07:38,26/09/2026 07:25
d8c3eadf-9646-4454-894f-66f9e0d96142,domain.realty,premium,3450,3450,high,medium,6,namesilo,,,25/09/2026 14:42
77a18a4c-baf8-4043-99ba-25bbab1faa3b,undisciplined.nl,available,6.98,7.99,medium,low,13,namesilo,,,
bb1279b1-70b1-405c-8c87-29077c7e4999,almost.gallery,available,28.99,28.99,high,low,6,namesilo,,,
62cd157f-01d0-4a3c-add0-0ea5ed372fed,baste.date,available,5.25,6.25,medium,low,5,namesilo,,,22/09/2026 12:43
effb2e90-8a95-479b-93c1-6485e59c0a11,info.bot,available,,,high,medium,4,,,,
3bc4770e-1cbe-4de8-812f-c8e43f3c51c1,lick.new,available,549.99,,high,low,4,name.com,,,
34352fc9-3657-4792-84ec-01b9646c5bc4,grouped.kids,available,7.98,29.98,high,low,7,namecheap,,,20/08/2026 20:22
0c69287c-0873-4043-8396-a069e2f7a17b,closing.parts,available,10.48,45.98,high,low,7,namecheap,,,08/09/2026 06:59
d6aa5317-ff12-4bd3-9a4a-e019d90592c1,dinky.ong,available,16.99,16.99,high,low,5,name.com,,,14/08/2026 08:14
d49a5cda-b712-431b-b1c2-485097c543d2,unisonous.gg,available,,,high,high,9,,,,
963a55eb-f920-4272-91b5-a68be3afd3d8,afl.forsale,available,13.98,47.48,high,low,3,namecheap,,,17/09/2026 15:04
3a9ce9db-9de9-4c0f-abe1-16551a6a1d7a,unstuck.promo,available,11.98,33.48,high,low,7,namecheap,,,12/09/2026 20:40
43cb7590-4b85-431d-9225-f1753a27f186,cryptic.salon,available,19.99,83.99,high,low,7,name.com,,,11/08/2026 12:17
17af8a41-df43-4b8b-b1a7-61746f562aaa,kfc.lease,available,56.99,56.99,high,low,3,namesilo,,,16/09/2026 23:46
61549141-549d-4145-bba3-de69a205d2b9,bartholin.construction,available,38.99,38.99,medium,low,9,namesilo,,,22/09/2026 09:14
cbf71ac9-007e-4309-b6fc-39bb196f0687,sweetened.travel,available,23.98,186.98,high,low,9,namecheap,,,11/09/2026 01:18
6efe76d8-6a06-4074-bada-921d615992cc,placidity.store,available,,,high,high,9,,,,
5591be92-4089-4264-bd77-abf5fc949f04,peso.lifestyle,premium,455,650,high,low,4,namecheap,,,24/09/2026 14:37
c3c814eb-8aa6-4df6-9401-d1ccc2182ee7,sedans.accountant,available,23.59,23.59,medium,low,6,namesilo,,,19/09/2026 22:27
012d93fa-17d3-4096-867a-f04929932856,engraved.vip,premium,218.75,24.99,high,low,8,name.com,,,17/08/2026 07:40
e90771c2-d677-46dc-bda9-bfbb55f9639d,incidence.tube,available,23.99,23.99,high,low,9,namesilo,,,
8b3eae41-e80a-4725-9615-6e0b37b22b11,ferocious.town,available,6.98,47.48,medium,low,9,namecheap,,,18/08/2026 02:05
edcf1ab5-d117-4311-8a53-0cb75e0db486,arcuate.tires,available,5.99,78.99,medium,low,7,namesilo,,,06/08/2026 14:49
4dd26495-5101-4dd5-aab3-0ad376355c69,blues.republican,available,5.99,28.99,high,low,5,namesilo,,,
00c85b4e-0c80-4fcf-829d-96a5095889ae,aplitic.health,available,12.98,107.98,medium,low,7,namecheap,,,06/08/2026 00:35
0e1c0cd2-6153-4ca4-b85f-4fc9aa14194f,secureness.store,available,,,high,high,10,,,,
deec62a1-e04b-4acc-8fa6-b66dac3ff938,grouse.golf,available,7.49,64.99,high,low,6,namesilo,,,23/09/2026 00:24
375401de-98e5-465a-ae55-95d145a19a09,peccable.cooking,available,32.49,32.49,medium,low,8,namesilo,,,08/09/2026 11:30
541aac9f-5920-432f-b895-be81f53df5f6,contents.group,available,10.99,,high,low,8,name.com,,,
ab73eb7f-213c-470d-8601-f70f443c91c2,thenar.day,available,12.98,16.98,medium,low,6,namecheap,,,11/09/2026 12:51
81494693-091d-49f2-a5e7-c1774e855252,acapulco.services,available,5.48,51.98,high,low,8,namecheap,,,16/09/2026 21:10
f9b85982-8140-4de2-91e3-39c77f1184ca,tennyson.wiki,available,2.98,43.98,medium,low,8,namecheap,,,18/09/2026 06:38
b91059a7-39c2-4ae4-b8f3-34b95a83805b,bayes.cars,available,2070,2950,high,low,5,namecheap,,,22/09/2026 18:03
b9ff423f-3983-4ef9-aaf1-86099cdbf410,soignee.bot,available,64.98,78.98,medium,low,7,namecheap,,,10/09/2026 13:30
86ccc14a-1951-4e3d-b8ee-b405233e6ec0,arthropoda.hospital,available,57.99,57.99,high,low,10,namesilo,,,20/09/2026 10:41
b62761a9-e16d-41a6-a2fb-3cfe758c051b,modigliani.homes,available,1.8,21.98,high,low,10,namecheap,,,18/09/2026 17:54
4451d6c6-8dcf-43d0-bf8b-e150b45c032f,riled.ing,available,12.98,16.98,medium,low,5,namecheap,,,
850eefcb-7c31-4040-9099-7ec9ac709cc6,digestible.band,available,17.48,39.98,medium,low,10,namecheap,,,14/08/2026 07:14
60fb5449-a90b-4db2-b45c-6e5649f8d766,pillage.center,available,4.98,42.98,medium,low,7,namecheap,,,08/09/2026 21:56
4f4306ea-a69e-42a2-ac71-fce974514633,group.lease,premium,128.7,128.7,high,low,5,namecheap,,,
dc00cbc8-b95b-471f-979f-bac2a93d9fc0,inborn.industries,available,17.49,65.99,medium,low,6,name.com,,,12/08/2026 21:42
9f89976e-4f22-46ef-bf7e-8ec9b810917b,urban.website,premium,312.5,,high,low,5,name.com,,,
184a4e85-b362-4356-a850-027403a574f9,lienal.at,available,11.99,11.99,medium,low,6,namesilo,,,23/08/2026 01:33
ce480e00-3608-48f3-9c29-542d42127c4e,shots.market,available,46.98,55.98,medium,low,5,namecheap,,,20/09/2026 00:10
848311d0-636c-4540-b050-39ca56acaabf,relied.space,available,0.98,32.48,medium,low,6,namecheap,,,20/09/2026 05:00
0d791a85-5f12-4cc0-9e3c-2a3edcd5c493,peking.trade,premium,455,65,high,low,6,namecheap,,,23/09/2026 04:13
b50b7187-99d9-494c-9d9d-bc392a2e714f,emblematic.vodka,available,32.49,32.49,high,low,10,namesilo,,,16/08/2026 09:29
d22060a4-2742-440a-87e8-20296da9c834,sharpened.cooking,available,32.49,32.49,high,medium,9,namesilo,,,10/09/2026 06:03
22ca9a9e-3b26-4e91-9b7a-4f9ef52fb705,sorrel.forsale,available,13.98,47.48,medium,low,6,namecheap,,,11/08/2026 06:31
8c1fc79e-4174-4aba-9a4d-47d20149effe,revolutions.porn,available,69.98,154.98,medium,low,11,namecheap,,,20/09/2026 15:34
fac73b3c-d3e3-489b-94f5-0e7987fe7310,habitually.reviews,available,62.99,62.99,medium,low,10,namesilo,,,14/09/2026 22:45
f8fbcad2-f4e6-4cbf-873a-177898a67f76,arietta.christmas,available,34.99,34.99,medium,low,7,namesilo,,,20/09/2026 05:25
c2856d60-9ceb-4ca2-bff2-1a937dd490c5,biter.lgbt,available,14.99,79.99,medium,low,5,namesilo,,,23/09/2026 22:27
b3f3e22d-fdfb-4937-9cf3-78fd02e7a463,wedged.engineering,available,10.48,85.98,medium,low,6,namecheap,,,21/08/2026 21:38
41c39537-b8ee-44d1-a1bc-582c71c94d0c,leader.charity,available,5.99,,high,low,6,name.com,,,
6ce74bb1-c454-4bd4-95bd-fd07abc2b931,rivalrous.llc,available,11.98,54.98,medium,low,9,namecheap,,,09/09/2026 18:06
ab335a0b-bb3e-40b0-8636-84a996aecab3,grapevine.zone,available,,,high,high,9,,,,
bab55c68-9b97-44f5-a796-87e7c050f1a6,underived.care,available,10.98,59.98,medium,low,9,namecheap,,,12/09/2026 07:29
c33c85da-85d4-40b3-8680-32bc34ea0cbb,misplaced.immobilien,available,14.99,48.99,medium,low,9,name.com,,,25/08/2026 01:32
43b7276c-c937-40a1-86c6-a4a433f751f2,exogenic.mortgage,available,14.99,81.99,medium,low,8,name.com,,,17/08/2026 17:34
68d0ece2-1980-4264-97f7-488644cd3b43,stateless.poker,available,5.98,85.98,medium,low,9,namecheap,,,21/08/2026 11:01
5a2ed97d-7a57-4b1d-abd9-22913cfa2f26,bailiwick.coffee,available,6.98,47.98,medium,low,9,namecheap,,,21/09/2026 19:08
df47f282-d609-4cb1-a9e3-f12e0c0b2462,verbose.claims,available,11.98,82.98,medium,low,7,namecheap,,,24/08/2026 09:27
3140a9d1-4471-4a5b-93c4-386a22f729f1,bated.locker,available,6.88,37.99,medium,low,5,namesilo,,,09/08/2026 00:22
c470b824-b8b4-4291-a4ee-b56e1bcd1c45,grinning.exposed,available,22.49,22.49,high,low,8,namesilo,,,
bd41efad-01a3-4cbf-ad7a-754dd8c2b36e,norris.guru,available,4.49,42.99,high,low,6,namesilo,,,23/09/2026 08:18
be4e73d1-5a78-4234-a0cf-e7f3e3a4febd,absinthe.monster,available,1.5,21.98,high,low,8,namecheap,,,16/09/2026 17:47
1996cda6-5584-4aae-84c1-e202aa9566a5,refreshing.luxury,available,49.99,49.99,high,low,10,name.com,,,11/08/2026 00:37
c2a4c4b9-20d3-4d72-9368-6ab922d397ac,unsworn.domains,available,44.98,53.98,medium,low,7,namecheap,,,12/09/2026 20:53
4b6c33b3-e0c9-47b7-8aa1-72df46fd4450,footed.cricket,available,23.59,23.59,high,low,6,namesilo,,,18/08/2026 10:43
220caa6a-7641-41aa-a6e2-a80667c815df,unpleasant.sydney,available,44.98,54.98,medium,low,10,namecheap,,,12/09/2026 16:58
99532dec-d913-4f8d-9e4c-6c605f1024c1,namibian.lighting,available,22.98,31.98,high,low,8,namecheap,,,03/09/2026 12:58
ad4a7ad2-57ce-4f77-8930-64201cad6d09,nitrous.forum,available,1.8,49.98,high,low,7,namecheap,,,08/08/2026 03:03
94cbead4-85e3-4089-9248-39d7690de053,execrable.health,available,12.98,107.98,medium,low,9,namecheap,,,
79bd264e-273c-42cb-bcba-1cc5b6d89bd2,eliza.online,premium,156.25,,high,low,5,name.com,,,
338530f5-4602-499f-8f76-bed6f666823b,freeway.ngo,available,16.99,,high,low,7,name.com,,,
a81064a9-d634-4d18-bb51-028f620b37b1,she.nyc,available,31.99,31.99,high,low,3,namesilo,,,
61e40ec5-0553-48ba-8798-1cab198bd34f,laurie.art,premium,354.9,91,high,low,6,namecheap,,,25/09/2026 17:15
409baa15-8eca-4d95-b6fc-2a4ac58ab6d6,relaxant.fish,available,44.49,44.49,high,low,8,namesilo,,,09/09/2026 13:22
bfeb4861-82ad-4952-955a-5cf09039ef1a,miceproof.expert,available,,,high,high,9,,,,
c7494caf-4ba4-4ff0-b94d-577d85aa9579,belly.cat,available,26.98,38.98,high,low,5,namecheap,,,16/09/2026 14:48
45f1a16e-a6ec-4715-a539-9f1353dbdf5a,interfaith.marketing,available,6.98,53.98,high,low,10,namecheap,,,22/08/2026 08:02
fa2606c2-4e20-456c-97f7-0a3caacfa396,exocentric.forex,available,11.98,133.98,medium,low,10,namecheap,,,17/08/2026 17:21
24d6a8d7-4101-4f8d-a7c1-3114cb4dd8e2,objection.prof,available,25.98,29.38,high,low,9,namecheap,,,25/09/2026 22:40
d6979108-8176-48c9-bc87-be46a4311a4d,microphone.protection,available,2070,2950,high,low,10,namecheap,,,25/09/2026 05:37
791d0a7b-5ada-4a44-a288-c1286edebe0b,boyfriend.cards,available,38.99,38.99,high,low,9,namesilo,,,22/09/2026 21:55
3b0f25a2-1ce6-4ba8-bdb2-90a4dc8a24b1,hutchinson.insure,available,72.99,72.99,high,low,10,namesilo,,,19/09/2026 10:20
da79e5ff-86fa-402d-9061-7766e618fb7c,ebullient.style,available,7.98,49.98,high,low,9,namecheap,,,14/08/2026 23:20
7ee7e2fb-77f9-4edc-81b2-91fd04ff2c27,apish.flights,available,23.98,75.98,medium,low,5,namecheap,,,06/08/2026 00:12
3228f0e8-ff30-413c-8bc4-87fc5a63b60f,captured.vet,available,41.99,41.99,medium,low,8,namesilo,,,27/09/2026 02:07
bd6edfe9-101c-4c2c-851f-4e59b8126b32,mickey.investments,available,12.99,129.99,high,low,6,namesilo,,,25/09/2026 09:22
43a5590a-5f96-4a93-8055-a3d8246ff397,indulge.rentals,available,6.98,56.98,high,low,7,namecheap,,,21/09/2026 13:04
53a94457-3e6d-4728-8840-6e6ee215deba,wroth.country,available,2298,2450,medium,low,5,namecheap,,,13/09/2026 13:38
0d309815-dbf8-4a7f-af40-5d8458877f4e,avuncular.degree,available,14.99,64.99,high,low,9,name.com,,,07/08/2026 23:51
13846d13-46e9-4934-8d14-324ca0b4593f,magnetized.deal,available,38.98,48.98,high,low,10,namecheap,,,24/08/2026 13:04
1be436f7-d4a7-4f64-8ac8-285ce7c11f1e,straight.house,available,12.98,55.98,high,low,8,namecheap,,,14/08/2026 08:46
879a4e57-d49b-4b15-8624-330950706039,leathery.life,available,2.98,46.48,medium,low,8,namecheap,,,13/08/2026 01:13
1512d1ef-6c1b-44da-b07a-c5c33faf2a83,astana.cat,available,26.98,38.98,high,low,6,namecheap,,,18/09/2026 00:11
3122309a-1d6c-4d0c-958e-9026d82b34f4,palace.moi,available,25.99,25.99,high,low,6,namesilo,,,
b7c9dcd2-52b8-4b90-b6ba-70b44bec9ae9,provident.ing,available,12.98,16.98,high,low,9,namecheap,,,09/09/2026 04:35
0595a49a-e1b8-456d-9c0d-efafdbabf053,ostensible.deal,available,38.98,48.98,medium,low,10,namecheap,,,04/09/2026 18:29
8f2a5835-295c-4d7a-b6a4-fcf211e6c480,iaa.wtf,available,7.49,36.49,medium,low,3,namesilo,,,17/09/2026 07:22
beb2a1dc-240c-4adb-8528-8d2bdf4d5793,accusal.fit,available,2.99,32.49,medium,low,7,namesilo,,,16/09/2026 23:22
a39285e0-b848-4e0c-88cd-3e7db17942b7,retral.holiday,available,64.99,64.99,medium,low,6,namesilo,,,09/09/2026 15:44
3546ef11-629f-4197-8a10-a2235f6fa2d1,relish.systems,available,21.99,,high,low,6,name.com,,,
58423feb-7551-45dc-a9b0-7df2e88b0700,improver.black,available,17.48,82.98,high,low,8,namecheap,,,21/08/2026 14:58
9344b14c-4beb-46ad-aa9c-0ac902cb34a6,disagree.gold,available,9.99,,high,low,8,name.com,,,
c55596c2-92e8-49ef-aef7-37f8b006ef37,birch.ltd,resell,,,high,low,5,Alibaba Cloud Computing Ltd. d/b/a HiChina (www.net.cn),08/03/2020 16:10,08/03/2027 16:10,26/09/2026 04:26
b8e28478-6dfe-414d-8301-ce88e2702afa,skies.giving,available,7.48,35.98,high,low,5,namecheap,,,18/09/2026 07:49
b0501288-becb-4b0f-969b-9c25adf125bc,collector.singles,available,9.49,33.99,high,low,9,namesilo,,,16/09/2026 23:18
6b42b9be-f4e4-4fa6-8688-b7c6735ff7f0,increase.vana,available,2498,,high,low,8,namecheap,,,
7fb509d4-a63b-4608-964a-dc2961598d42,nose.school,available,9.99,,high,low,4,name.com,,,
a2d17c26-c8df-4802-b5ce-5bc3463672e4,dialectic.uno,available,3.99,27.99,high,low,9,namesilo,,,14/08/2026 05:50
04ba6551-429e-4a5a-9210-c4c71f9af67f,guiltless.degree,available,14.99,64.99,high,low,9,name.com,,,12/08/2026 10:18
3c0391fb-0b6b-4f9d-8c22-6494e420001f,bug.study,premium,625,,high,low,3,name.com,,,
7c660aef-0334-4e56-9938-d304c561d54a,uncertain.promo,available,11.98,33.48,high,low,9,namecheap,,,22/08/2026 01:07
09fa53fd-cd15-42b2-8a42-8090634bfc64,heck.singles,available,12.99,,high,low,4,name.com,,,
d62bd686-5ab9-4f17-9723-e8265b09f8e2,stub.bid,available,5.25,6.25,high,low,4,namesilo,,,24/09/2026 13:57
d460a119-19c4-4586-8714-181212dbfc07,godhood.co,available,,,high,high,7,,,,
5fbfb789-c21b-4994-9b5e-316ebfa61426,instant.accountant,premium,650,84.5,high,medium,7,namecheap,,,24/09/2026 02:22
5d6b5ad5-4fd0-40a6-8476-5a9625ca8871,keynesian.industries,available,17.49,65.99,medium,low,9,name.com,,,22/08/2026 15:46
a0a316bd-ec63-4186-8b08-2ff929a8784f,choral.construction,available,15.99,50.99,high,low,6,name.com,,,12/08/2026 07:03
90be8ecd-cc95-4bf7-8a28-2914855f386a,titus.careers,available,34.99,71.99,high,low,5,namesilo,,,25/09/2026 05:37
bf23f5e3-3683-4249-961e-24bc9db6e19b,minutely.racing,available,11.99,11.99,medium,low,8,namesilo,,,15/09/2026 15:04
7c65ca42-e9eb-4b1c-aac6-a07cd09118be,disloyal.watch,available,3.48,56.98,medium,low,8,namecheap,,,14/08/2026 11:36
68cf6016-40d7-4748-bccf-ae251d067ae1,cognizance.villas,available,59.99,59.99,high,low,10,namesilo,,,21/09/2026 09:59
6d89a8ab-2d51-448b-ad61-19d4df84857b,compromise.mortgage,available,62.99,62.99,high,low,10,namesilo,,,24/09/2026 16:54
8bc53b1f-884e-4d1c-bb3f-5cdbad32d029,thrown.coupons,available,3.99,,medium,low,6,name.com,,,
a65c4257-1c97-4789-add3-8053adf96bc2,strike.luxe,available,19.49,19.49,high,low,6,namesilo,,,25/08/2026 00:52
d0bb6b06-7031-4659-ac82-9b4ff3d1ea28,peed.recipes,available,5.48,95.98,medium,low,4,namecheap,,,18/09/2026 08:17
5a8a3b66-2a5b-47af-bb05-34878b4f387c,officially.kiwi,available,31.98,35.68,high,low,10,namecheap,,,14/09/2026 19:44
aa2dbf7a-b880-40b1-8013-81798540d897,indulging.car,available,1999.99,2199,high,low,9,namesilo,,,05/09/2026 00:26
52eb33d3-3c9b-497b-b1ea-cbbfc3164666,artistic.limited,available,36.99,36.99,high,low,8,namesilo,,,22/09/2026 09:09
8094774b-4325-4051-a37e-9f8683faccc0,bellow.xxx,available,69.98,154.98,medium,low,6,namecheap,,,23/09/2026 06:17
fdcd5a88-9287-4437-a046-6a981d5e4e72,windflower.futbol,available,7.49,17.99,high,low,10,namesilo,,,19/09/2026 05:19
9153ff2f-f02c-41a8-889a-45287262834f,exceeding.shiksha,available,11.98,69.98,high,low,9,namecheap,,,17/08/2026 15:59
f71e9676-22ba-42b9-89e4-dabf4a19f0d9,aeolian.fail,available,14.99,46.99,medium,low,7,name.com,,,
24da8e3b-376a-4662-8f92-4279f1e296a0,ruin.forum,premium,87.5,125,high,low,4,name.com,,,08/08/2026 13:39
dea41dd4-7868-4609-8b86-201dc14e319b,oval.beer,available,2.19,32.49,high,low,4,namesilo,,,24/09/2026 13:34
d84f1205-d710-4f32-9e97-7ce62ce56c3c,chorally.soccer,available,25.99,25.99,medium,low,8,namesilo,,,14/09/2026 06:49
832312c2-c8af-4587-a949-494e965d009c,mentoring.enterprises,available,11.49,35.99,high,low,9,namesilo,,,26/09/2026 00:53
2d5c0193-06b5-4c39-891e-5c484ae0e3e9,hooligan.group,available,10.99,33.99,medium,low,8,name.com,,,11/08/2026 08:39
e2df6a5d-97a3-40b1-bf8b-11087442917e,rimed.rehab,available,36.99,36.99,medium,low,5,namesilo,,,09/09/2026 17:39
230d0075-8c2e-4ded-9c78-b96c8088363d,avoid.club,premium,960,17.7,high,low,5,namesilo,,,13/09/2026 06:44
7e267fe7-b24c-4380-ae37-e3b902f1c8bd,barns.rentals,available,10.99,44.49,medium,low,5,namesilo,,,20/09/2026 22:46
6111e0de-4642-4340-b230-75f91be82a93,prissy.reise,available,102.98,127.98,medium,low,6,namecheap,,,04/09/2026 21:22
44924931-09a5-4645-9e68-1ec1f51aaba2,obscenely.attorney,available,62.99,62.99,medium,low,9,namesilo,,,15/09/2026 11:14
083053b3-2873-4d18-a0de-62da9d67ab65,conjecture.run,available,6.99,26.99,high,low,10,namesilo,,,24/09/2026 17:17
e07ee39c-44e3-4ae0-a2e9-0a6874ef95da,localised.link,premium,41.3,41.3,medium,low,9,namesilo,,,24/08/2026 08:47
c8aab300-830c-4090-83b8-5b53e3bee672,agnes.social,available,9.99,41.49,high,low,5,namesilo,,,25/09/2026 14:30
f7eb9c76-a329-419c-bcf9-86a780ab232c,feathery.show,available,14.99,56.99,high,low,8,name.com,,,18/08/2026 00:18
c7a1bab3-0e59-45e8-9bdd-06571390d913,smartness.bingo,available,14.99,77.99,high,low,9,name.com,,,12/08/2026 04:49
b7a727aa-7b1b-406f-bf7b-7d537cdbee12,brassy.contractors,available,9.99,45.99,medium,low,6,name.com,,,11/08/2026 02:33
971a7140-87ac-44e8-8758-fce2934d96d5,dactylic.lighting,available,14.99,33.99,medium,low,8,name.com,,,13/08/2026 15:27
9962cca9-c9d4-445f-ae91-a8132b8deffa,overblown.farm,available,4.98,49.98,medium,low,9,namecheap,,,04/09/2026 20:19
563e1959-a458-49c6-b1db-3a6ec94213b4,tracks.help,premium,83.3,116,high,low,6,namesilo,,,17/09/2026 16:05
aebeaa42-f3e3-4d72-abd2-bbf7226ec5a5,honeybee.sucks,premium,2728.7,2728.7,high,low,8,namecheap,,,19/09/2026 17:30
ca90e859-f935-4af7-9814-b818c410ff87,bindery.bond,available,2.59,19.49,medium,low,7,namesilo,,,23/09/2026 17:11
220cd60b-82ce-4f5b-a4a2-7199a34c33dd,nonporous.express,available,9.98,49.98,medium,low,9,namecheap,,,03/09/2026 20:18
082d34e0-f84e-4abf-9202-5b1a3a541aa1,cosmic.gallery,resell,,,high,medium,6,"GoDaddy.com, LLC",13/02/2026 18:05,13/02/2027 18:05,26/09/2026 05:16
7fff0fb8-b66e-443c-8065-490e005166a8,palpitant.security,available,1999.99,2049.99,medium,low,9,namesilo,,,05/09/2026 00:17
02c14e73-763a-43d9-b2f9-df20bc9e28eb,paying.cleaning,available,75.49,75.49,high,low,6,namesilo,,,24/09/2026 22:11
b66b69ed-ff57-46b3-a921-d75a6c1d435e,hoary.vin,available,6.98,75.98,medium,low,5,namecheap,,,20/08/2026 19:20
b8b45e95-b8ba-4a2b-9d9a-0f2d52c1b553,programme.sydney,available,58,58,high,low,9,namesilo,,,24/09/2026 16:59
750cb7f6-a47a-45d2-90d0-e5b6167d702d,laudable.baby,available,1.8,81.98,high,low,8,namecheap,,,06/08/2026 07:01
aa77b268-f239-469a-a03e-d5a9bcfc28a8,terrific.photos,available,15.99,29.99,high,low,8,namesilo,,,25/09/2026 00:17
b8517c40-5788-42ed-bc45-71694da73299,goldbrick.guide,available,10.99,57.99,medium,low,9,name.com,,,20/08/2026 16:29
aa691fcd-3a81-46fe-a339-67060259e526,amicably.beer,available,1.98,43.98,medium,low,8,namecheap,,,13/09/2026 19:29
a44a192d-28ed-473d-943d-b129c34fffa6,alpinia.tires,available,5.99,78.99,medium,low,7,namesilo,,,18/09/2026 14:02
10e055ea-ed5f-46b2-a42b-4b816debf9d0,departure.band,available,17.48,39.98,high,low,9,namecheap,,,08/09/2026 12:08
6b3bcc3d-58b3-423e-b6c4-276c507427aa,nazi.expert,available,8.98,82.48,high,low,4,namecheap,,,03/09/2026 13:40
ff2c3ef9-2eab-4ba6-b06c-acc4c13a0198,uncoated.ink,available,2.98,43.98,medium,low,8,namecheap,,,12/09/2026 05:35
e90585cf-8b19-4a86-bd15-a1a47e637b15,admittance.black,available,27.99,64.99,high,low,10,namesilo,,,16/09/2026 22:13
85a7e89e-126c-402b-aad3-565420ec901b,distributed.ac,available,28.98,76.98,high,low,11,namecheap,,,
b9e74069-4d4c-46e3-b3bc-ee69cc66dbfe,painkiller.bingo,available,14.99,77.99,high,low,10,name.com,,,
dd5267f5-1db7-4e19-95bc-bda45a9c049a,ecstatic.video,available,4.98,49.48,high,low,8,namecheap,,,14/08/2026 23:44
1e1d082a-bdf9-4ae3-94f6-63bf0c5e8fc8,wholly.navy,available,41.99,41.99,high,low,6,namesilo,,,
33dae12a-a1a4-4676-9e70-dae966eff118,aqua.jetzt,available,23.99,23.99,high,medium,4,namesilo,,,19/09/2026 22:48
0d45bb62-c078-455b-b699-bca0c3749c27,spaced.blackfriday,available,114.99,114.99,high,medium,6,namesilo,,,10/09/2026 15:03
4d699a96-90fb-46cb-b344-e0837e8bf7be,cooked.ceo,available,10.19,129.99,high,low,6,namesilo,,,23/09/2026 22:56
8ecb6aeb-27a0-45ca-b54b-37aa0f574d26,fierce.trading,available,21.98,27.98,high,low,6,namecheap,,,23/09/2026 01:48
3a3e8ff0-a6e7-415e-aef5-030af59f02a0,tarawa.sex,available,69.98,154.98,medium,low,6,namecheap,,,21/09/2026 19:26
5834344b-540b-4e31-9f54-b68426bae431,eileen.rich,available,94.99,1999,medium,low,6,namesilo,,,26/09/2026 03:31
0393ae68-af80-4b0e-9809-81e953c1ce22,enlivening.finance,available,11.99,84.99,medium,low,10,name.com,,,
dde9cac1-6757-4e13-93c5-bb3611d0f005,stalled.one,available,7.99,24.75,medium,low,7,namesilo,,,20/09/2026 17:27
6bfad0b9-9d6e-4d13-aee8-67fa1de8c228,tapestry.observer,premium,13,13,high,low,8,namecheap,,,20/09/2026 08:48
04b09019-ed94-4e82-8912-b6a11bd4266d,abbot.vodka,available,33.98,43.98,medium,low,5,namecheap,,,16/09/2026 14:31
babfa425-038f-4dc7-bbfd-c28258c7c2f2,senseless.autos,available,1.8,21.98,medium,low,9,namecheap,,,03/09/2026 17:48
64daf5d2-d5ee-4288-85b6-66a0aef9e754,provide.ag,available,89,,high,low,7,name.com,,,
2cbc949e-0c9a-47dc-b564-d3ece4d99987,naif.theater,available,65.99,65.99,high,low,4,namesilo,,,03/09/2026 12:52
d0e6f8a1-37b3-4305-9569-e6907f4590e9,razed.mortgage,available,14.99,81.99,medium,low,5,name.com,,,14/08/2026 01:24
8f196e40-51e3-4383-83e3-4f98d7427f54,multicolor.kids,available,6.79,19.99,high,low,10,namesilo,,,03/09/2026 10:35
69d6a41d-f7cd-43c3-9249-5c39b45d6f88,ted.deals,premium,82.5,,high,low,3,name.com,,,
4cc09da0-f3a7-4b4e-946f-571c8c3a8f07,pamphlet.contact,available,13.98,16.78,high,low,8,namecheap,,,24/09/2026 07:11
cf7ab522-2c22-45b5-ab69-622274b5cb77,bhutani.band,available,17.48,39.98,medium,low,7,namecheap,,,09/08/2026 18:26
1c33f872-8343-46bd-a28f-61eff65631b7,unpatented.gmbh,available,45.99,45.99,medium,low,10,namesilo,,,12/09/2026 16:29
724f814c-8c67-400e-b0c8-58a472ac2cab,zovirax.ooo,available,34.99,34.99,medium,low,7,name.com,,,17/09/2026 05:42
f47ce1e7-e0a8-41ea-95f5-469162d41690,courtney.pink,premium,650,650,high,low,8,namecheap,,,25/09/2026 21:37
016a8ecf-45ca-454b-8ce7-86337f2a7902,mandarin.builders,available,35.99,35.99,high,low,8,namesilo,,,23/09/2026 04:17
cb0cc958-81ff-485c-acea-3acde1735f98,grandmother.games,available,19.99,,high,low,11,name.com,,,
ba720dc1-c716-4d9b-8159-d83eb109e595,devotedly.at,available,11.99,11.99,high,low,9,namesilo,,,14/09/2026 12:28
417d9eeb-9396-4290-9064-b5bded42b11c,lincoln.la,resell,,,high,medium,7,LA Domain Names,14/02/2018 09:59,14/02/2027 23:59,26/09/2026 07:14
63d5c9d2-2469-43b0-9216-d2bc267db06f,posting.mba,available,19.99,,high,low,7,name.com,,,
2c2a2eb3-6bad-40c6-b194-b7ed791d803f,handless.pub,available,39.99,39.99,medium,low,8,namesilo,,,11/08/2026 10:12
ee959b79-b9fe-4213-b5a5-b9c68fff5cee,diverting.place,available,22.49,22.49,medium,low,9,namesilo,,,
074bdbd2-0221-4ddd-851c-b92bfe1b59c1,anyway.careers,available,49.99,,high,low,6,name.com,,,
3c5bfeaf-feba-46c2-a4ce-de47ccc86a0d,energetic.fail,available,14.99,46.99,high,low,9,name.com,,,17/08/2026 05:58
c0a9fafa-bb5d-4d15-ad1f-db7a7a7825dd,kinglike.cool,available,5.98,50.98,medium,low,8,namecheap,,,22/08/2026 16:19
0443b85d-2731-4e4e-b14b-9d720a007a5e,unowned.furniture,available,23.98,127.98,medium,low,7,namecheap,,,04/09/2026 22:16
772b6988-fed0-41bb-96ff-08ee0f4bae9d,ruritanian.living,available,1.8,48.98,medium,low,10,namecheap,,,09/09/2026 19:43
517ea9c0-3b75-4a3a-9b59-021b9774a965,teetotal.guide,available,41.49,41.49,medium,low,8,namesilo,,,11/09/2026 10:14
e0131121-61b1-4a04-9b45-e2681029a492,mythic.hosting,available,309.99,429.99,high,low,6,namesilo,,,03/09/2026 12:29
4169a3c5-1c91-498d-a17d-c6834943926f,habitue.tickets,available,359.99,488.88,high,medium,7,namesilo,,,09/09/2026 13:03
5f73c03a-5182-4eae-9e08-cfb7a31e79f3,optional.cafe,available,5.98,64.98,high,low,8,namecheap,,,04/09/2026 17:10
d17e1eb0-2837-40d9-8f4e-69d3dfe74e6a,hygienic.kids,premium,53.92,21.24,high,low,8,namesilo,,,21/08/2026 16:27
323ebb38-db62-46eb-b444-fb711dcd15b6,pious.garden,premium,104,32.5,high,medium,5,namecheap,,,08/09/2026 19:57
fc814cb5-67e4-4926-824d-ec6e15519ef4,antipathy.wine,available,9.99,59.99,medium,low,9,namesilo,,,19/09/2026 14:53
f6324d46-2128-430b-8469-215e1f4c43a6,bead.football,available,19.99,,high,low,4,name.com,,,
06d33acd-35da-4530-a5c6-d8bacd4db1e8,pawky.blackfriday,available,114.99,114.99,medium,low,5,namesilo,,,08/09/2026 10:57
2f715d1e-6b05-4141-9229-ecb8302fb7c4,backblast.sucks,available,218.99,218.99,medium,low,9,namesilo,,,21/09/2026 14:26
32ebb159-2545-4c48-8488-3ab94e9c645d,agnes.financial,available,23.99,58.99,high,low,5,namesilo,,,25/09/2026 14:30
6a442f02-673f-494d-85c0-81b025c84b1b,punishment.clinic,available,20.99,64.99,high,low,10,namesilo,,,25/09/2026 09:51
c527d2b2-70c4-47ef-85eb-10f7bc1c246a,greasewood.kitchen,available,10.99,64.99,medium,low,10,namesilo,,,24/09/2026 00:46
6d782068-b34c-489b-829f-662461ca1566,marshy.melbourne,available,44.98,53.98,medium,low,6,namecheap,,,10/08/2026 17:03
84da5bd5-a060-4194-bce8-9ac63e732c76,chemist.cricket,available,23.59,23.59,high,low,7,namesilo,,,19/09/2026 19:39
50224e02-b2b2-438d-83a3-62a752418e08,algerie.cc,resell,,,high,low,7,"Spaceship, Inc.",14/12/2025 09:56,14/12/2028 09:56,26/09/2026 03:47
400e0733-8260-4e56-b210-c27ab72cd53d,fulgid.cruises,available,14.99,81.99,medium,low,6,name.com,,,
04e9aac2-fbb4-40fb-b951-c3ec52382e88,piping.insure,available,72.99,72.99,medium,low,6,namesilo,,,10/09/2026 19:43
37e979ea-6b78-4b25-a233-dc3f8721729d,oengus.flowers,available,64.99,114.99,medium,low,6,namesilo,,,17/09/2026 12:31
3e16f028-4902-4d3f-8e89-57b262d35d02,arcsecond.delivery,available,6.75,61.99,medium,low,9,namesilo,,,20/09/2026 02:41
21dfcbdc-20f3-45b1-b456-824e9b39ecbe,berra.gifts,available,36.99,36.99,medium,low,5,namesilo,,,23/09/2026 10:04
b777b7c6-2a3b-495c-bd86-0fbaf0b553b8,walters.actor,available,16.99,44.49,high,low,7,namesilo,,,25/09/2026 15:56
5fd71cff-6c2e-4e56-a2c6-7bb53dd2ac5c,salty.auto,available,2070,2950,high,low,5,namecheap,,,19/09/2026 11:13
0dec5f5e-2756-430a-9c05-4c9b0d623b2e,burnt.cheap,available,8.99,36.49,high,low,5,namesilo,,,23/09/2026 11:41
4e4fa549-d827-4c8e-a879-8e104386f6bc,awful.sex,available,69.98,154.98,high,low,5,namecheap,,,22/09/2026 15:06
93d2305c-7d9c-481d-8bb5-202d83b2bca4,fishtail.reviews,available,7.99,,medium,low,9,name.com,,,
5edd1ad6-112e-4483-8f3c-4b034f718765,sooner.tech,resell,,,high,low,6,Xin Net Technology Corporation,24/07/2019 19:40,24/07/2027 23:59,26/09/2026 09:09
62d2abc6-3f73-40b8-87c4-7a662bbadd72,bullheaded.gripe,available,6.98,8.98,medium,low,10,namecheap,,,11/08/2026 08:30
7eda57e2-774e-4f65-9c12-82d604220a42,aphelion.watch,available,5.99,44.49,medium,low,8,namesilo,,,19/09/2026 16:55
7e302f39-cea6-4f32-9c46-d842435a191c,packing.zone,available,14.99,,high,low,7,name.com,,,
211b522d-df3e-4fd5-9f3e-5da93e7fde22,davidson.partners,available,20.99,71.99,high,low,8,namesilo,,,25/09/2026 15:02
c7bf2583-937d-4e85-8441-759fd7f77b29,resolvent.ventures,available,5.98,75.98,medium,low,9,namecheap,,,10/09/2026 13:54
6f368e39-f587-4c83-a38f-ccc7d067afb1,superstar.place,available,22.98,30.98,high,low,9,namecheap,,,21/09/2026 17:56
df19ea6a-6a41-4984-8066-e33631c1736b,describable.io,available,,,high,high,11,,,,
670e1979-ff2f-4261-967e-a9d71664b103,voiced.life,resell,,,high,low,6,"Sav.com, LLC - 5",11/03/2026 15:15,11/03/2027 15:15,26/09/2026 10:02
44734963-6b79-48d5-8bb1-b20e446e26d9,foaming.cc,available,4.19,9.99,high,low,7,namesilo,,,11/08/2026 07:18
c21222af-7e26-4d32-9aba-10610060fc91,onwards.ltda,available,42.98,46.98,high,low,7,namecheap,,,14/09/2026 19:51
cc82d4a2-336e-4d29-94ce-f8fa7a292652,lemonlike.golf,available,6.98,83.98,medium,low,9,namecheap,,,22/08/2026 23:27
e9391a9f-708e-4896-95c5-f9e428febb74,parishes.theatre,available,509.99,529.99,medium,low,8,namesilo,,,18/09/2026 08:08
34ebdbc1-0bb5-4bc7-b875-884c47575511,kitbags.net,available,,,low,low,7,,,,
365d3632-99fa-40f7-ad00-ebe84825db74,fairly.maison,available,57.99,57.99,high,low,6,namesilo,,,24/09/2026 16:08
584e76c1-0ec3-4236-8d4c-d451c4b71cef,newsstand.protection,available,1999.99,2049.99,medium,low,10,namesilo,,,17/09/2026 05:46
a43158c4-3463-45b2-9adf-af9ceb2fe255,sachs.lifestyle,premium,640,640,medium,low,5,namesilo,,,27/09/2026 01:53
079f8649-3ba7-410d-ad5f-57ba0e835b89,update.study,premium,116,116,high,low,7,namesilo,,,
0ffeb8f2-f5f4-41aa-8fab-f202657fea59,scrutinize.inc,premium,2061.5,2660,high,low,10,namesilo,,,21/09/2026 03:06
7a68c147-4af9-4664-accd-b6d123890cbe,cyclical.pub,available,47.99,52.99,high,low,8,name.com,,,13/08/2026 13:34
0fb97b40-80c3-4e0e-abcc-50100b7d3268,positivist.theatre,available,509.99,529.99,high,low,10,namesilo,,,09/09/2026 00:12
25822436-14f7-4407-8dca-c6bb5d629fef,affluent.express,available,12.49,39.99,high,low,8,namesilo,,,21/09/2026 21:54
7081ac2d-f284-4e84-b003-4cf22f2f3817,ornery.hospital,available,55.98,71.98,medium,low,6,namecheap,,,13/08/2026 08:28
94f6b81a-66bd-466b-8493-c5b750b7d05a,lawfully.agency,available,5.99,39.99,medium,low,8,name.com,,,13/08/2026 19:09
d2678fb2-516f-4b0e-b168-ace2757e77e9,bluntly.photos,available,8.98,40.98,medium,low,7,namecheap,,,14/09/2026 00:39
5401fb10-7d0d-4d48-b9d5-b1fa49254b38,alprazolam.democrat,available,7.25,32.99,medium,low,10,namesilo,,,18/09/2026 14:08
b4125501-85ae-4efb-8cbc-b497a95c8fec,picky.republican,available,5.98,43.98,high,low,5,namecheap,,,18/08/2026 05:00
f452a75c-c412-41ac-b1ea-a4ab4303a609,atoll.farm,available,4.98,49.98,high,low,5,namecheap,,,20/09/2026 21:52
a74a7dad-642b-4f0e-8b88-96cd8a671097,astrocyte.ngo,available,18.98,24.98,medium,low,9,namecheap,,,20/09/2026 17:36
43b10d12-6e78-4595-bd7b-98f4f8510770,sustained.credit,available,9.48,131.98,high,low,9,namecheap,,,18/08/2026 14:51
cf6d3194-5edb-4fdc-be98-2964ea32ddeb,louche.viajes,available,37.99,37.99,medium,low,6,namesilo,,,24/08/2026 10:02
8facc918-b7de-48c5-8b17-8bb30ad6a618,beefy.tax,available,8.98,85.98,medium,low,5,namecheap,,,09/08/2026 07:49
fe06db5e-faf4-4784-a95c-3f56567b83d9,jessica.support,available,4.98,37.98,high,low,7,namecheap,,,25/09/2026 18:08
262accff-a5f2-4c9b-a825-2581dc0f31d3,derogative.reise,available,27.89,97.99,medium,low,10,namesilo,,,14/08/2026 03:10
e61a760c-ecf5-47dc-b1e9-d120270c53c0,florid.markets,available,5.98,26.98,medium,low,6,namecheap,,,07/08/2026 17:26
ee46b4c0-7632-4e79-a69a-da0acacdc54a,aroused.events,available,10.48,57.98,high,low,7,namecheap,,,
73124ae3-0169-4d13-9294-a2aa1dc7b809,screw.diet,available,104.99,114.99,high,low,5,namesilo,,,18/08/2026 17:26
d32484e5-16f6-4f26-be0d-3aba15131c0a,demolished.to,available,39.98,39.98,medium,low,10,namecheap,,,14/08/2026 01:21
628d4e30-c2a6-4256-a257-80b3552a685f,motherlike.to,available,39.98,39.98,medium,low,10,namecheap,,,25/08/2026 07:04
70c787e8-3de2-485a-884a-3056de3520b1,wintry.desi,available,19.98,22.98,medium,low,6,namecheap,,,18/08/2026 16:31
e576ca62-75db-4815-a699-699a3240b945,malthusian.properties,available,10.99,50.99,medium,low,10,name.com,,,24/08/2026 14:17
0977d82f-0098-4a11-8d52-c80485c5a95a,roarer.dev,available,10.99,14.99,medium,low,6,namesilo,,,22/09/2026 16:57
b4330eb6-96b0-4741-b91d-ddee348b22ab,bleached.sucks,available,218.99,218.99,medium,low,8,namesilo,,,10/08/2026 13:52
f9655d5f-1988-4ac6-88d6-cdb407766719,parasitic.futbol,available,5.98,21.98,medium,low,9,namecheap,,,17/08/2026 10:15
627f3297-6e42-4c5d-b758-f8d9ae45dcff,birdfeeder.site,available,0.98,31.98,high,low,10,namecheap,,,23/09/2026 19:53
6fa6b45e-dd2c-476d-918b-a8b6622732e9,astride.parts,available,10.48,45.98,medium,low,7,namecheap,,,13/09/2026 22:11
93fbc152-5585-4901-9c40-7c181b365884,orchis.art,premium,131.2,83.3,medium,low,6,namesilo,,,21/09/2026 23:07
5fd71faf-a033-49bf-9549-8acabd96db28,hebrew.storage,available,509.99,529.99,high,low,6,namesilo,,,21/08/2026 05:43
3f5701cd-c1f0-42fa-ac24-7feb26df9dd2,computer.navy,available,41.99,41.99,high,medium,8,namesilo,,,23/09/2026 09:10
ca59c9fe-b917-48bb-9da6-52959eab95b5,protected.dad,premium,36.25,,high,low,9,name.com,,,
ac50a64d-da08-482c-b101-5ffc62f020c8,arsenal.viajes,available,37.99,37.99,high,low,7,namesilo,,,20/09/2026 09:36
ff9f7f9d-237e-40ae-95fa-84a1d4b2eab2,repulsive.florist,available,14.99,46.99,medium,low,9,name.com,,,
df4c81a1-cb4a-4883-8fa3-d21ec094f1f2,hard.boo,premium,623.75,623.75,high,low,4,name.com,,,06/08/2026 16:55
dc19b1f3-da00-4053-a750-990351489d9c,achaea.gift,available,14.99,14.99,medium,low,6,namesilo,,,17/09/2026 00:27
ffbe0493-9133-44a9-bcf5-741608badb07,jadestone.gives,available,5.99,40.99,high,low,9,name.com,,,22/08/2026 11:54
727f04aa-8b2b-42df-9a26-7e9b4c5a0a32,eyed.blog,premium,65,260,high,low,4,namecheap,,,17/08/2026 20:00
e0991b2f-e14c-4414-81f9-71d18b882d04,puku.hosting,available,310.98,437.98,medium,low,4,namecheap,,,17/09/2026 07:35
dc876491-d86d-4abe-ba70-ddc4de74e851,underestimated.cruises,available,14.99,,medium,low,14,name.com,,,
5e26e1ca-7fc1-4314-ba3e-ebd7620a08fb,albers.motorcycles,available,1.99,17.29,high,low,6,namesilo,,,18/09/2026 02:34
bd8df49e-5879-4f8a-861b-38b2f083d29d,incapable.furniture,available,23.98,127.98,medium,low,9,namecheap,,,22/08/2026 00:49
d48b4be8-a23b-47c1-a782-94e326b6766b,grassless.builders,available,7.99,50.99,medium,low,9,name.com,,,20/08/2026 18:13
f7159754-6b9a-48ef-ba7d-f3e6d780bb95,brake.works,premium,118.8,118.8,medium,low,5,namesilo,,,24/09/2026 08:06
c9dae4b7-c3ca-4283-840b-834618973765,colly.feedback,available,9.98,489.98,medium,low,5,namecheap,,,14/08/2026 09:17
1896c8fd-aa43-4923-bc5e-71d7904f8f26,ninefold.food,available,4.98,48.98,medium,low,8,namecheap,,,03/09/2026 17:31
5842075f-630b-4b5d-a681-4d554819afbd,supernal.farm,available,4.98,49.98,medium,low,8,namecheap,,,11/09/2026 02:23
29e7a803-3e5d-47ec-8bd4-74ed810e6394,trisyllabic.app,available,,,high,high,11,,,,
f1821035-a089-4d08-af51-6edaa5c63e73,sealife.app,available,,,high,high,7,,,,
1eb2eaf2-a6bf-44d0-862a-061d1ff94fca,reedlike.foo,available,12.98,17.98,high,medium,8,namecheap,,,09/09/2026 12:27
09d611ee-37e1-4dd0-a846-ef5ebf1b71ce,darkening.school,available,9.99,46.99,medium,low,9,name.com,,,13/08/2026 18:10
578c76e4-7d48-4b50-941d-3b9f8e704630,unbleached.courses,available,1.98,50.98,medium,low,10,namecheap,,,12/09/2026 02:04
b4ab0f0e-415a-4234-8ccb-90813ddba605,bicycle.locker,premium,318.46,8.8,high,low,7,namesilo,,,27/09/2026 03:10
4698ba6f-71cd-4e57-941d-2b2f9cebef77,dorothy.lat,available,1.99,32.49,high,low,7,namesilo,,,25/09/2026 14:18
6239c65f-5539-499b-8fec-00e96587d6b2,shrewdly.beauty,available,1.8,21.98,medium,low,8,namecheap,,,13/09/2026 22:22
4c576e72-9a15-41e0-a1c1-dadd1a1a3737,skillful.engineering,available,10.48,85.98,high,low,8,namecheap,,,21/09/2026 17:27
45e273df-6529-45a6-a6cc-14e9a262286a,crocked.credit,available,9.48,131.98,low,low,7,namecheap,,,09/08/2026 15:34
d722175e-ebc8-4a09-bbd9-e1d3543a1e59,unfair.observer,premium,11.8,11.8,high,low,6,namesilo,,,
b7ef717e-23ec-4939-93e3-489080fed479,civil.how,available,30.98,41.98,high,low,5,namecheap,,,12/08/2026 09:03
8cee58a8-9fe0-4492-ae76-be624293f466,nickname.art,premium,354.9,91,high,low,8,namecheap,,,24/09/2026 11:25
a9fef23d-1c0c-40a1-ba36-30b99ac843b9,honour.camera,available,58.99,58.99,high,low,6,namesilo,,,16/09/2026 22:47
c00751ef-6a0c-47bc-8f66-d1f4d1dd9397,sociology.tech,available,,,high,high,9,,,,
73ffd662-3257-4ba7-8360-88acfbcb8dc4,peculiar.at,available,11.99,11.99,high,low,8,namesilo,,,13/08/2026 11:08
e93122e3-e0b9-4acd-a052-f1e7ea55687c,tottering.wiki,available,2.98,43.98,medium,low,9,namecheap,,,11/09/2026 18:14
951795ae-71a9-4d04-9711-1df66f8d124d,aleut.coffee,available,6.98,47.98,high,low,5,namecheap,,,
57eae245-1343-42ed-ac12-c7050e2f547a,accrementition.co,available,,,high,high,14,,,,
3ba9b8ec-b34f-4ea1-b886-6b1a4115a779,increase.lawyer,available,62.99,62.99,high,low,8,namesilo,,,
52f57b74-bcb5-40c4-89cb-c40c7dbe73d5,avocado.loans,available,17.48,144.98,high,low,7,namecheap,,,22/09/2026 14:34
19bd4613-6be9-48fe-92a7-d2285dcaccd5,escapade.chat,available,5.98,58.98,high,low,8,namecheap,,,17/09/2026 10:37
e3da493a-32cf-487a-8bd6-7d6c109beadd,brusk.fast,available,29.49,29.49,medium,low,5,namesilo,,,11/08/2026 07:03
f8c24362-2c4c-4b97-8723-5648f64a55fd,beguine.christmas,available,1.8,49.98,medium,low,7,namecheap,,,23/09/2026 02:59
f34d9bcd-a5bb-4934-98d6-9de99d3d9d50,unreached.singles,available,3.98,36.98,medium,low,9,namecheap,,,04/09/2026 18:48
94fa635e-692d-4747-9f6a-6b65f389430e,fidgety.feedback,available,9.98,489.98,medium,low,7,namecheap,,,05/08/2026 20:32
4d416b16-07db-4d6e-b435-f38fdc2b49c0,isolated.ltd,available,8.99,30.99,high,low,8,namesilo,,,22/09/2026 07:07
90cdb8fd-d272-4917-9f14-0d93765d9d57,zealously.foo,available,12.98,17.98,medium,low,9,namecheap,,,16/09/2026 11:50
ab7a1cdf-1118-4513-a673-4396d628a2be,fur.cam,premium,512,16.52,high,low,3,namesilo,,,27/09/2026 04:05
2cf73a32-cf6a-4710-8cf8-7469c8ae79c8,beguiling.florist,available,32.99,32.99,high,low,9,namesilo,,,22/09/2026 01:38
4aaaf583-57eb-4f19-b992-dae281120db0,peaking.florist,available,14.99,,high,low,7,name.com,,,
83e43be5-a6f4-48bc-a139-bba70cfc144e,reptile.ngo,available,18.98,24.98,high,low,7,namecheap,,,09/09/2026 14:41
66e4617e-e1a2-4626-accd-32387c81bf0a,dodecanese.pro,available,,,high,high,10,,,,
118110b9-32d3-4924-9ead-221f01c0914b,pickaback.camp,available,62.99,62.99,medium,low,9,namesilo,,,15/09/2026 19:48
51286be3-08f1-4b43-ae36-a865e759e56c,magnate.football,available,25.99,25.99,high,low,7,namesilo,,,23/09/2026 14:16
1be9d550-9e85-4401-bdfd-8f6c5e883dc2,ebionite.auto,available,1999.99,2199,medium,low,8,namesilo,,,14/08/2026 23:04
d3b6eb08-60b1-47e2-af05-a459c66d6676,reader.holiday,available,9.99,,high,low,6,name.com,,,
a5772ab7-99e4-495f-bb4a-da7a984b4178,exhusband.school,available,9.99,46.99,medium,low,10,name.com,,,17/08/2026 15:21
8b75d63b-cf53-4ff3-b3ac-9b189d1c5d3e,courteous.center,available,4.98,42.98,high,low,9,namecheap,,,24/09/2026 00:40
e97947eb-fdc2-4c10-b5a7-93987ec37525,plastered.vet,available,41.99,41.99,medium,low,9,namesilo,,,09/08/2026 15:43
4b882116-789c-4398-910a-c9e7906d1a91,bag.realty,available,99.8,456.98,high,low,3,namecheap,,,04/09/2026 13:24
3c7a58c2-b4ca-4ab5-a436-76ad2d18de69,tattletale.wiki,available,2.98,43.98,medium,low,10,namecheap,,,11/09/2026 10:28
c1730f31-2c1f-436e-ac06-48736e47d48e,gratis.tech,available,,,high,low,6,,,,
3d3fa88c-a5cf-4aa1-8bee-a7c103ba5cdf,reductive.tech,available,5.98,58.98,high,medium,9,namecheap,,,09/09/2026 12:25
4a76433d-7ba5-4612-977c-ae4f4d2497e1,cityfied.lighting,available,14.99,33.99,medium,low,8,name.com,,,12/08/2026 08:49
8c2dc3b6-aacb-42f4-8577-3a555416c3b0,trump.clothing,resell,,,high,medium,5,"GoDaddy.com, LLC",16/11/2022 03:09,16/11/2026 03:09,26/09/2026 09:47
47381dac-88a3-4d88-971f-02b679be27e0,continuant.mobile,available,22.98,26.98,medium,low,10,namecheap,,,12/08/2026 23:17
413db159-e276-414e-be8d-9d8c5ff83f67,whimsy.accountant,premium,455,65,high,low,6,namecheap,,,20/09/2026 00:42
b96d3f2e-78ca-4baf-867d-e0a80fb15894,antigram.gifts,available,36.99,36.99,low,low,8,namesilo,,,19/09/2026 14:31
70d29f0d-3450-47e0-9f88-a981ba285b3a,fame.adult,available,166.98,,high,low,4,namecheap,,,
3337d00e-5676-4987-81a9-7a4068a15ca8,arity.events,available,15.99,45.99,high,low,5,namesilo,,,20/09/2026 06:02
ec2c7406-5e45-411d-9ebf-7362a25c6545,telephonic.diy,available,4.98,51.98,medium,low,10,namecheap,,,11/09/2026 10:20
d51f6ef7-f447-4039-a075-8d9318909de5,informationization.space,available,,,high,high,18,,,,
1507cee1-72df-4105-9846-c174bda023b7,legitimacy.green,available,14.99,79.99,high,low,10,namesilo,,,21/09/2026 05:07
3c9ecbdc-97a7-48d3-8d75-1c89989097cb,narrowed.bargains,available,14.98,37.98,high,low,8,namecheap,,,03/09/2026 13:27
445798f4-c661-42e8-976a-4485707606f4,ruse.online,premium,162.5,650,high,low,4,namecheap,,,20/09/2026 11:33
44f5c807-f964-4b51-a83c-81276e37e08b,attic.vana,available,2298,2498,high,low,5,namecheap,,,07/08/2026 15:46
c38528e8-5321-44eb-a14c-259778d1b5b3,amerind.tech,premium,81.25,325,high,low,7,namecheap,,,
68517fe2-545d-4336-a8ef-83c840651b08,conserve.pink,premium,78.54,78.54,high,low,8,namesilo,,,24/09/2026 17:27
54b67767-517f-405b-a4ab-f088ded9e840,automaton.futbol,available,7.49,17.99,high,low,9,namesilo,,,21/09/2026 07:00
d777a8a9-a22f-4491-bb2f-9d6cad295c6f,upstream.archi,available,14.98,132.98,high,low,8,namecheap,,,12/09/2026 23:24
ce039cdd-8ff6-48ab-b407-34abe0ce77f7,updatable.space,available,,,high,high,9,,,,
d4e81670-87ab-464d-a430-f6d3f46aaa50,sharpe.ventures,available,20.99,59.99,medium,low,6,namesilo,,,26/09/2026 03:16
2e24950a-dcec-426f-9172-7b5edc9fe310,passbook.science,premium,448,53.92,high,low,8,namesilo,,,22/09/2026 02:44
8915adc9-30f7-4542-94e5-5314eeed121e,calculations.solar,available,64.99,64.99,medium,low,12,namesilo,,,17/09/2026 02:07
fed4848c-38c1-4b71-ab18-461210f2cc20,evelyn.miami,premium,47.2,21.24,high,low,6,namesilo,,,25/09/2026 14:39
0ac26e1e-0c64-4040-9834-49a67a6b6739,assegai.tienda,available,59.99,59.99,medium,low,7,namesilo,,,20/09/2026 15:40
a4f8b15b-aa73-4685-9dee-0bd8873c5c2b,chemical.auction,available,36.99,36.99,high,low,8,namesilo,,,08/09/2026 15:30
600b7e38-07d0-4921-a69d-78c81d0470bc,eugenic.website,available,0.98,20.98,medium,low,7,namecheap,,,17/08/2026 14:11
8bce2752-c6a1-4fe9-98ce-a68f85eed95c,compelling.claims,available,11.98,82.98,high,low,10,namecheap,,,23/09/2026 17:02
17b26afb-b7b5-4c0a-8622-e2b564f63ff5,theatrical.productions,premium,118.8,118.8,high,low,10,namesilo,,,11/09/2026 12:33
6070fd05-47d5-4c3e-8ac2-7ec465ae4404,original.sucks,available,218.99,218.99,high,low,8,namesilo,,,26/09/2026 00:32
328c315c-e59b-4ecb-b161-202b41173245,ketonemia.cab,available,32.99,32.99,medium,low,9,namesilo,,,17/09/2026 00:10
fa74f0bc-9df5-4f3a-9b89-c9b4584c51a1,alkalizer.lol,available,1.8,40.98,medium,low,9,namecheap,,,
1bb63c0b-7f17-40f3-8970-f2d0783029f7,plodded.app,available,,,medium,low,7,,,,
ecbc3a3a-d2de-45ed-9d3e-6ec53a1041cd,uneven.lease,available,56.99,56.99,high,low,6,namesilo,,,04/09/2026 00:48
41e601d7-05bd-4430-ab2c-81177be34d37,politic.bayern,available,34.99,34.99,high,low,7,namesilo,,,08/09/2026 23:06
db2d646e-7942-41ff-8999-705a9379081f,unassured.singles,available,3.98,36.98,medium,low,9,namecheap,,,12/09/2026 01:14
ba258acd-2a56-4c3a-90ad-c64c23579147,precarious.study,premium,53.92,53.92,medium,low,10,namesilo,,,08/09/2026 01:44
efa385d9-8f75-448a-b8c7-2680b511c6ad,atavist.kids,available,6.79,19.99,medium,low,7,namesilo,,,11/09/2026 14:58
2d8abb58-fa42-4f61-b44c-676da93baf9a,appointee.game,available,309.99,429.99,medium,low,9,namesilo,,,19/09/2026 21:58
ae3648fc-1d5d-4c5b-9dd5-c5b4a2aa99d5,amenra.christmas,available,1.8,49.98,medium,low,7,namecheap,,,18/09/2026 18:32
513e033c-077d-4ad1-af69-78ce8263bf73,unquestionable.boats,available,1.99,,medium,low,14,name.com,,,
2a5a3a59-a37b-4251-a433-3518d0420ec1,curie.hot,available,51.99,51.99,high,low,5,namesilo,,,12/08/2026 08:00
635ef664-70cf-440b-9bc4-510b2fd1ef87,wimp.car,available,2070,2400,medium,low,4,namecheap,,,24/09/2026 19:54
3c1b9a67-8c7f-416f-9681-c541b6881fac,bellis.gripe,available,6.99,6.99,high,low,6,namesilo,,,23/09/2026 06:15
f4d8a1c2-eeda-4c6d-a276-6616a73171d9,sexy.tennis,premium,85.8,85.8,high,low,4,namecheap,,,22/09/2026 07:13
ce3ac3fe-ef94-4f07-89f3-de8df5dd68bb,grampa.app,available,,,high,high,6,,,,
b84fc966-9ed2-426d-b3d3-400d6f4b84cf,belt.computer,available,29.99,,high,low,4,name.com,,,
d1833a34-6735-42c7-ba15-234f1bf44f98,slowness.airforce,available,103.99,103.99,high,low,8,namesilo,,,
5780a87f-faab-4879-8a63-389718c08ed8,puddings.coupons,available,5.99,54.99,medium,low,8,namesilo,,,19/09/2026 22:22
650d26ea-4e27-473d-b1c2-6a31c966ef36,limited.homes,resell,,,high,low,7,Dynadot Inc,01/07/2026 14:32,01/07/2027 23:59,26/09/2026 07:14
4416682d-703a-488b-acef-08e506b9c4e2,older.reisen,available,3.99,20.99,high,low,5,namesilo,,,21/09/2026 22:32
a05667e3-1892-4f81-baef-b4b31333b6ab,intention.berlin,available,79.98,89.98,high,low,9,namecheap,,,22/08/2026 07:55
7426596c-8b8b-47ff-842c-135c08e32d69,runner.melbourne,available,44.98,53.98,high,low,6,namecheap,,,21/09/2026 22:22
f6ab36f9-d72a-4b92-a6d1-b0e14637633d,hostile.london,premium,63.01,31.25,high,low,7,namesilo,,,25/09/2026 00:05
028b25c8-2f6c-44e6-9864-1535b450bf13,plugged.gold,available,7.98,130.98,high,low,7,namecheap,,,08/09/2026 21:30
1753bced-ca25-40b7-a791-96fbdb55b451,acanthurus.cleaning,available,79.98,94.98,medium,low,10,namecheap,,,16/09/2026 20:58
f617d27e-5b06-497c-8f50-6329397864bd,ternion.fans,available,4.98,13.98,medium,low,7,namecheap,,,
ed029f7c-47c8-49b3-b80e-7d9ec655d39d,airport.camp,available,65.98,78.98,medium,low,7,namecheap,,,27/09/2026 02:07
2b84b46d-042c-41ab-81a1-c825185a7771,swingy.shoes,available,34.98,81.98,medium,low,6,namecheap,,,23/08/2026 09:29
83410f33-392f-4e09-aaa5-5061be70f5c1,collector.dating,available,20.99,64.99,high,low,9,namesilo,,,16/09/2026 23:18
a01f6cd8-3a1a-451a-976a-24a1e097aa91,saharan.ca,available,11.98,14.98,high,medium,7,namecheap,,,09/09/2026 20:49
009ae8bc-9639-4eb7-bc41-84d38efc5048,unsavory.town,available,6.98,47.48,medium,low,8,namecheap,,,14/08/2026 13:05
b48369b6-6c6b-4c39-b987-004ca74cb5d5,obscurely.education,available,34.99,34.99,medium,low,9,namesilo,,,15/09/2026 17:13
d556186c-9108-4b82-be87-b8d6d54e4a0d,dishes.vet,available,41.99,41.99,medium,low,6,namesilo,,,27/09/2026 02:34
12a68c10-0fdd-48a5-8e98-61b7beae60d8,berceuse.tube,premium,23.6,23.6,high,low,8,namesilo,,,23/09/2026 09:10
38c100da-48ee-4539-aedd-4f603f87f272,plenteous.top,available,2.98,6.98,medium,low,9,namecheap,,,08/09/2026 21:08
143dac20-7cb0-4197-8764-d03f2175786d,washington.credit,available,11.99,,high,low,10,name.com,,,
78229a71-2020-4150-ac99-5d94b8d3b2b1,loth.prof,available,25.98,29.38,medium,low,4,namecheap,,,24/08/2026 08:19
0edadfbf-5c59-4eae-a3ff-fcc0ef3ebed0,salaried.direct,available,14.98,53.98,high,low,8,namecheap,,,12/08/2026 19:23
4f2c5c6d-9fad-4b5b-b667-a0dffbde3b0a,ibidem.band,available,17.48,39.98,medium,low,6,namecheap,,,15/09/2026 01:34
86a7e810-17d1-4fca-90c9-84926825dc72,underway.rich,available,94.99,1999,high,low,8,namesilo,,,12/09/2026 07:42
95803717-9d5c-4481-a406-ba879ee487d4,avenged.bid,available,5.25,6.25,high,low,7,namesilo,,,07/08/2026 22:35
a1755136-7c34-4498-9211-e8bf158bea5d,offshore.foo,premium,76.7,76.7,high,low,8,namecheap,,,04/09/2026 01:37
61a5562b-c814-45ff-a451-05da479562b0,priest.men,available,5.25,6.25,high,low,6,namesilo,,,27/09/2026 04:53
f96422f7-cf94-4283-8ae3-74913a13d485,elective.golf,available,6.98,83.98,high,low,8,namecheap,,,16/08/2026 02:33
465273b6-31bc-484f-872d-7afb8ce22799,chants.com,resell,,,high,low,6,"GoDaddy.com, LLC",06/02/1998 05:00,05/02/2028 05:00,26/09/2026 04:51
8774a600-a826-4e7d-95cc-11d07f1feaaa,unadorned.tienda,available,59.99,59.99,medium,low,9,namesilo,,,11/09/2026 23:54
2d15cb27-da33-47b9-a526-cb9f75bf7113,ascendent.forex,available,11.98,133.98,medium,low,9,namecheap,,,
97a3ba61-483b-4639-a663-5b7863dee18d,vaginal.juegos,available,368.98,478.98,medium,low,7,namecheap,,,13/09/2026 00:49
b2f5c6a9-eb8c-45af-8d96-f71c5331228d,contain.prof,premium,115.7,115.7,high,low,7,namecheap,,,24/09/2026 20:22
67664164-15b4-428c-a409-a2fbc4fb6c6d,downstair.boston,available,24.98,30.98,medium,low,9,namecheap,,,14/08/2026 17:57
01fbad66-9e3a-4f0c-900c-7a3529cd6723,scant.vip,premium,224,17.7,medium,low,5,namesilo,,,09/09/2026 22:36
5029292c-c3f3-486e-8f3f-e66c6b527841,patter.cooking,available,33.98,43.98,high,low,6,namecheap,,,15/09/2026 20:21
a36d1e4f-0f8b-4f6d-a1f4-2dc1fcd2df1b,darter.porn,available,69.98,154.98,medium,low,6,namecheap,,,19/09/2026 08:19
78e7c688-f44a-4bd5-b963-faf275dc2af8,unshadowed.watch,available,3.48,56.98,low,low,10,namecheap,,,12/09/2026 19:29
911c206a-b1a2-45e2-a6f7-924b66076ba5,dateless.fitness,available,9.99,52.99,medium,low,8,name.com,,,13/08/2026 18:42
e8bacb4f-fd56-4bc7-aef7-030206604127,feverish.courses,available,1.98,50.98,medium,low,8,namecheap,,,18/08/2026 00:29
7dcb053d-187d-4616-8134-113c665f667b,britons.online,available,,,high,low,7,,,,
84daf7ba-c3d4-48f3-862f-8b94803fde67,stupidity.investments,available,6.98,166.98,medium,low,9,namecheap,,,23/09/2026 11:18
271c7791-6feb-4508-8dcb-aa57664bb44d,rough.luxury,available,49.99,49.99,high,low,5,name.com,,,06/08/2026 09:39
5bb01ea2-23a1-4d09-a51e-0ed7c4c5224e,keyed.nyc,available,6.98,43.98,medium,low,5,namecheap,,,22/08/2026 15:42
fa7549e4-d2bf-4b05-b143-b47165bc1f6d,barebacked.dog,available,5.98,86.98,medium,low,10,namecheap,,,08/08/2026 18:44
9a7fa7a4-c738-4b4d-89d8-b2aff0395c60,stative.lighting,available,22.98,31.98,medium,low,7,namecheap,,,10/09/2026 19:14
0f03ac82-fdd6-413c-ade6-6a0a7de833df,keyed.family,available,9.99,50.99,medium,low,5,name.com,,,22/08/2026 15:42
f67fa68f-6cde-486f-8ea4-d0aa1951333d,geriatric.pizza,available,5.98,83.98,medium,low,9,namecheap,,,18/08/2026 22:42
1b981686-4021-41a5-9ddf-e459f708cccf,fence.vodka,available,32.49,32.49,high,low,5,namesilo,,,
9f5e5f2b-3a04-480b-b7fe-1641e9c15565,elderberry.surgery,available,54.99,54.99,high,low,10,namesilo,,,24/09/2026 00:39
68df1c1f-c45e-4bfa-8e75-41747d2107cb,angelfish.services,available,14.99,38.99,high,low,9,namesilo,,,19/09/2026 05:56
cae62703-67eb-4c36-b73c-3c8969322f9b,carven.meme,available,12.98,15.98,medium,low,6,namecheap,,,11/08/2026 19:59
30f759fb-f6d1-4f9e-a031-57c849ccf7b8,bump.lease,available,14.99,,high,low,4,name.com,,,
3d002a0f-511c-408a-b15b-27f5d0da2ddc,talent.catering,available,38.99,38.99,high,medium,6,namesilo,,,
99935698-5ef9-44ca-a377-5a1351ca39c1,acre.cx,available,26.98,,high,low,4,namecheap,,,
80f35de6-1c6c-4a3b-b77e-8bd1882d0655,critique.shopping,available,14.99,,high,low,8,name.com,,,
8486ee8e-5307-4c2c-a9a9-5ce0a6e689e7,mutation.rocks,available,5.99,27.99,high,low,8,name.com,,,03/09/2026 11:41
c48a57eb-c486-498f-9b69-6f83f7f5fc8b,disrepute.icu,available,3.19,19.49,medium,low,9,namesilo,,,24/09/2026 22:34
00933202-cdf5-46a1-9d6c-66c87f17afca,brittany.mba,available,17.99,39.99,high,low,8,namesilo,,,27/09/2026 03:23
0087ca4d-d126-4531-bf17-a14685eafcdf,sidelong.global,available,34.98,127.98,medium,low,8,namecheap,,,07/08/2026 03:26
d4cb4464-e739-4735-a831-37d977d3bd2e,duke.horse,available,32.49,32.49,high,low,4,namesilo,,,
e29d0c2e-368f-42d8-a400-c988871d4c37,statehood.cv,available,14.98,,high,low,9,namecheap,,,
120ac58c-d31a-4ecf-b1a3-e7ac4c9359a2,lvi.boston,premium,47.2,21.24,high,low,3,namesilo,,,
f105ff9f-e9a3-48c7-9d92-c54b89436be5,overladen.estate,available,6.98,52.98,medium,low,9,namecheap,,,04/09/2026 20:51
8f046197-32fa-47fe-b854-fccb912523c0,piglet.kim,available,12.99,23.49,high,low,6,namesilo,,,19/09/2026 22:30
1c7ec71d-b7d0-4f74-aba8-d873d2012ebd,offhand.sydney,available,44.98,54.98,high,low,7,namecheap,,,
dc9ae897-32a7-4050-9a85-2b4257cf8cc7,blackcap.cricket,available,23.59,23.59,medium,low,8,namesilo,,,23/09/2026 23:42
04225359-70cf-4601-a332-dfad1883daf4,abroad.productions,available,10.99,40.49,high,low,6,namesilo,,,21/09/2026 14:31
2fdf962a-9a20-4bce-9743-c6017bbdcec1,lied.soccer,available,25.99,25.99,high,low,4,namesilo,,,25/09/2026 08:58
b2e0dcd2-8e0d-46c4-8ff2-2d2bdfd348f5,clef.deal,available,38.99,38.99,high,low,4,namesilo,,,24/09/2026 15:30
a6259935-aec4-4934-b6d4-882845822bbd,notebooks.place,available,22.49,22.49,medium,low,9,namesilo,,,20/09/2026 11:51
70f43a81-565c-419e-a28e-e49b1acb93cb,mingy.gifts,available,14.99,46.99,low,low,5,name.com,,,24/08/2026 23:43
7da0d267-a2cc-4f8b-bb2b-4456c0abe534,pamphlet.kiwi,available,31.98,35.68,high,low,8,namecheap,,,24/09/2026 07:11
5f674089-3ab1-4708-8a6e-479b0587798b,razz.express,available,12.49,39.99,medium,low,4,namesilo,,,21/09/2026 19:47
5a9673e6-b850-4ece-8a84-1b3e3fc2b899,hut.protection,available,1999.99,2049.99,high,low,3,namesilo,,,20/09/2026 07:59
7194aff5-4f9d-4ab6-bbcb-6d9396034bf5,angling.exposed,available,22.98,28.98,high,low,7,namecheap,,,19/09/2026 06:50
6c99fa66-983c-4c8d-9d3c-3532c0dbab3b,young.fishing,premium,47.2,29.5,high,low,5,namesilo,,,
6649f0fb-cdff-425d-9c6a-15d2d19d9e2a,courtesans.gg,available,,,high,low,10,,,,
1cfb62d6-a77c-46cb-804c-8e7e72b06c50,ineptitude.hiv,available,195.99,195.99,medium,low,10,namesilo,,,21/09/2026 10:06
42a84cbc-a057-4124-9352-d6e9030586f5,academia.hiv,available,,,high,low,8,,,,23/09/2026 20:23
8ff2670c-0fc7-4729-a940-2b94166135ca,oxidised.meme,available,12.98,15.98,medium,low,8,namecheap,,,04/09/2026 22:28
10f2a2da-5cba-443e-8441-ff35fb9aa9b4,needed.voting,available,1398,1448,high,low,6,namecheap,,,03/09/2026 14:49
f163a189-c8c7-4176-b80a-05a308ce2c33,counterterrorism.contractors,available,9.99,,medium,low,17,name.com,,,
7fba6f0f-9e63-4c8c-b015-4716c0bcbb46,assorted.spot,available,25.98,31.98,medium,low,8,namecheap,,,07/08/2026 07:25
f7928393-ebfe-43ac-b1ea-801a8cd1e9cd,instantly.paris,available,66.98,66.98,medium,low,9,namecheap,,,10/09/2026 21:29
68e321e1-d4e8-4f1e-bec9-9f235d0dd9c5,whereas.social,available,11.99,,high,low,7,name.com,,,
4b4db6ee-01fd-40f4-a4be-178d17479786,overrated.storage,available,509.99,529.99,medium,low,10,namesilo,,,18/09/2026 11:36
ba796aec-9be9-41b3-9341-a1ac0fb2d6f1,pitcherful.site,available,,,high,high,10,,,,
b3b78ba1-0fc3-43c4-bc65-31b483e2689d,score.ltda,available,46.98,,high,low,5,namecheap,,,
12c25eb9-301a-42ef-8bd0-049a6ea4c803,persian.blackfriday,available,114.99,114.99,high,low,7,namesilo,,,22/08/2026 09:41
6e84c669-4e48-4c39-86e0-ef50831180e4,ephemeron.dance,available,10.48,36.98,medium,low,9,namecheap,,,17/08/2026 10:22
96372013-6417-43b4-b141-013b8267c0eb,pet.ski,premium,1000,1000,high,medium,3,name.com,,,09/08/2026 17:52
4a2e47a8-6e85-4d59-8fe2-8f8a8f039dbb,pregnant.gratis,available,26.99,29.99,high,low,8,name.com,,,25/09/2026 18:23
3ee9128c-dcd8-4d91-8b86-502874afa690,cheated.digital,available,2.99,41.49,medium,low,7,namesilo,,,
6fdf3954-dcf7-4d7c-9b53-ad1e86ec3dda,headteacher.blue,available,23.99,,high,low,12,name.com,,,
99b07869-ef6f-4224-8e96-06ed070ebb79,biographic.juegos,available,368.98,478.98,high,low,10,namecheap,,,10/08/2026 01:58
e6d7d78d-d567-4f32-b096-65f006d7c2b9,eight.menu,available,27.99,27.99,high,low,5,namesilo,,,21/09/2026 13:20
3bf1ae5e-5d92-43ec-bc2d-4803f089a41f,teatime.stream,premium,448,53.92,high,low,7,namesilo,,,17/09/2026 15:45
c9745d74-9104-4433-943d-3bf4add0dd66,lineal.chat,available,5.98,58.98,medium,low,6,namecheap,,,23/08/2026 14:16
ad12e5a0-a2b7-4a21-be59-56f9284d42bb,albumen.paris,available,66.98,66.98,high,low,7,namecheap,,,18/09/2026 03:31
851403a0-5333-489a-a9d0-6d1aa14db610,ineptitude.fit,available,2.99,32.49,medium,low,10,namesilo,,,21/09/2026 10:06
9e67f91a-79a0-47a4-81aa-6ca69ce13c73,hut.barcelona,available,38.98,38.98,high,low,3,namecheap,,,20/09/2026 07:59
4059f268-0d28-46df-884d-f6bfc55bdaa5,epistolary.best,available,2.28,29.98,high,low,10,namecheap,,,17/08/2026 11:14
9a12d56d-0abe-4e88-acf2-f217735fed1e,introducing.deal,available,48.98,,medium,low,11,namecheap,,,17/09/2026 20:59
8f1dfbce-b52f-49a1-a588-8598189ac878,allusion.foundation,available,5.99,40.99,high,low,8,name.com,,,18/09/2026 12:15
7fb69e6b-24b2-49ee-8aa3-412d06ab62dc,regulate.bio,available,9.99,,high,low,8,name.com,,,
aa3b0915-7ae1-4d2b-8395-b022ad08d996,ataractic.sucks,available,218.99,218.99,low,low,9,namesilo,,,07/08/2026 12:44
f1edee21-401e-4191-a0bc-da7e44172ddd,microbial.gifts,available,14.99,46.99,medium,low,9,name.com,,,08/09/2026 09:41
a74b6beb-fe44-4699-9896-84bfbd227cf6,ajuga.green,available,14.99,79.99,high,low,5,namesilo,,,17/09/2026 23:42
a89f4db3-8d61-465e-9b57-0452239e31b7,lugubrious.consulting,available,8.48,67.98,medium,low,10,namecheap,,,24/08/2026 11:04
6798c404-59fd-4006-a877-d483adb138bb,farseeing.in,available,7.95,7.95,medium,low,9,namesilo,,,14/08/2026 22:22
6909eb08-c998-40bd-b33f-04af9024eac5,refuse.fail,available,38.99,38.99,medium,low,6,namesilo,,,27/09/2026 02:42
7bdcc381-9482-4a14-88ca-e8deb96b75b6,frowned.dev,available,,,medium,low,7,,,,
ebb4ff1f-3f30-4bc1-ac41-8e21a2b30eef,fastenings.space,available,,,medium,low,10,,,,
7c1a3555-c529-41e2-82ea-4e54eb5d092c,locomotive.fishing,available,32.49,32.49,high,low,10,namesilo,,,24/08/2026 08:48
6fb06b21-5fad-4f9a-bd3d-66785e3c2057,erratum.ceo,available,9.99,124.98,medium,low,7,namecheap,,,24/08/2026 07:21
b4f29de7-34ef-4f82-8965-b38fb3ae8fce,incessant.hiv,available,184.99,184.99,high,low,9,name.com,,,11/08/2026 23:04
9b4e0d8b-6226-42e2-9c42-566644cb929e,printers.adult,available,69.98,166.98,medium,low,8,namecheap,,,21/09/2026 00:30
b3821e63-3626-49f4-a2d6-fb484dd9cce2,aberdare.game,available,309.99,429.99,medium,low,8,namesilo,,,16/09/2026 15:08
830102b6-9aec-4ebf-a87a-334be799426d,fiduciary.associates,resell,,,high,low,9,"GoDaddy.com, LLC",27/04/2017 12:02,27/04/2027 12:02,26/09/2026 06:04
50eb6fc4-ad43-4953-8ff1-cf328fa5c22c,relish.hockey,available,14.99,,high,low,6,name.com,,,
e746d939-cd92-4a62-89e9-64cb14923f7a,elysian.sbs,premium,68.43,147.2,high,low,7,namesilo,,,16/08/2026 06:18
b50709ac-e7c0-4856-b094-3ad243ea97a1,mechanism.vote,available,34.99,90.99,high,low,9,namesilo,,,24/09/2026 14:15
5492ff86-a7ad-4a81-956b-a60ff4084636,layer.restaurant,available,29.99,,high,low,5,name.com,,,
a3a47001-60fa-4c70-8dd3-cc72ca783b5d,liberalism.site,available,,,high,high,10,,,,
dc5f26b8-e42e-4346-896d-472f44621626,pediatric.observer,premium,11.8,11.8,high,low,9,namesilo,,,04/09/2026 22:48
4a471945-3f9f-42c5-a20c-708cc7303333,calvinist.town,available,6.98,47.48,medium,low,9,namecheap,,,11/08/2026 15:24
c389871c-1b6c-4f00-8ca5-1dda06a8b008,ecru.reise,available,27.89,97.99,medium,low,4,namesilo,,,09/08/2026 12:26
77d9b1e9-1cbe-4188-8526-ad973042cca3,ratios.gay,available,38.99,38.99,medium,low,6,namesilo,,,20/09/2026 23:23
2816d6ed-75e0-4bdf-9dc4-b59dfaf6d121,duodenal.contractors,available,9.99,45.99,medium,low,8,name.com,,,14/08/2026 21:21
c80e3508-dd69-4cd3-9a76-d3f29bb58786,movies.estate,available,14.99,,high,low,6,name.com,,,
048ab3e4-19e8-4fd5-b30c-078d62365d5e,midst.pw,available,3.99,24.49,medium,low,5,namesilo,,,11/09/2026 13:11
89d50bb3-21c5-4d98-be9c-0c0af0ded833,interfaith.center,available,4.98,42.98,high,low,10,namecheap,,,22/08/2026 08:02
c3738563-7076-449c-850d-bb2801db6bd7,infotech.so,available,,,high,high,8,,,,
24e67b95-ec07-4497-af09-0a79f197f2b3,monk.forex,available,11.98,133.98,high,low,4,namecheap,,,25/08/2026 04:11
462a24fe-faaf-4bff-a062-ea7049a29e79,buffoon.it,available,25.99,25.99,high,low,7,name.com,,,24/09/2026 10:55
4d7d52c3-321a-456a-a82b-5acd935a8beb,punctured.fm,available,69.98,118.98,medium,low,9,namecheap,,,08/09/2026 16:56
4c88d859-968f-49ef-ac06-1efffa16f48a,anglian.science,available,11.99,11.99,high,low,7,namesilo,,,19/09/2026 06:48
515d76b6-64c9-49cc-96f9-4f0695c4249d,solutions.fast,premium,650,650,high,low,9,namecheap,,,25/09/2026 17:56
090b2d40-0c36-47ff-9fda-f0519d309495,beroe.irish,available,5.98,31.98,medium,low,5,namecheap,,,23/09/2026 10:02
ab25259b-0647-4f9c-b77f-9a5ab8886b3f,banqueting.monster,available,1.99,17.29,high,low,10,namesilo,,,22/09/2026 03:08
75c0e249-ed08-408d-a9e6-0c97ffe6f631,airstrip.degree,available,54.98,66.98,high,low,8,namecheap,,,17/09/2026 23:24
3bd16156-776f-4229-86e8-4dbf480f118c,numerable.church,available,8.48,78.98,medium,low,9,namecheap,,,13/08/2026 03:32
49c2b8a2-806c-4ace-8985-c8d67fe2a859,cadenced.ooo,available,24.99,24.99,medium,low,8,namesilo,,,11/08/2026 12:46
f2ca10eb-18a9-4458-8a94-c444e90b931f,walters.institute,available,9.99,27.49,high,low,7,namesilo,,,25/09/2026 15:56
53ff89c3-d434-421c-a166-43b7588d5153,depend.qpon,available,1.99,,high,low,6,name.com,,,
3a18803c-12e4-445c-8191-f5add8968860,performs.bz,available,25,,medium,low,8,name.com,,,
6e460987-6d23-4b25-aa7c-0ac2f2f59349,badge.estate,available,6.98,52.98,high,low,5,namecheap,,,19/09/2026 15:56
a0beb93d-f7a9-47a8-b646-140b68fc81bd,frequently.pink,available,14.99,,high,low,10,name.com,,,
e53d215a-a5a9-4b10-b464-29e98542e3d5,slopped.rocks,available,5.99,27.99,low,low,7,name.com,,,09/08/2026 15:45
75dc3d8c-c568-4c17-90dc-d9ca4f5f8834,engrossing.accountants,available,43.99,153.99,high,low,10,name.com,,,
3ff5cfae-558d-4351-ba87-73ec5be28a61,fop.co,resell,,,high,low,3,"GoDaddy.com, LLC",20/07/2010 18:07,19/07/2027 23:59,26/09/2026 06:11
0385ce0b-8bcf-4a19-9665-c10ada10d97a,taipei.sex,available,154.98,,high,low,6,namecheap,,,
6b73de69-8f4e-4208-93f8-fdedfbce3748,normative.luxury,available,49.99,49.99,medium,low,9,name.com,,,03/09/2026 21:19
c7b76321-15fd-470e-870b-a6e63a2a87f4,planning.viajes,available,37.99,37.99,high,low,8,namesilo,,,
55de8285-b6f4-4892-b821-156c4148e110,liturgical.me,available,9.99,19.99,high,low,10,namesilo,,,24/08/2026 07:40
2f1682a2-c6d1-4454-bf27-91975847d3e6,apidae.rehab,available,36.99,36.99,medium,low,6,namesilo,,,19/09/2026 17:24
a996e79e-dbed-4270-8bf3-f2e589fd4180,wind.ooo,premium,30000,,high,low,4,name.com,,,
c2480d26-1dbf-4bc5-a236-ba63c80106a6,titleless.xyz,available,,,high,high,9,,,,
2a13778c-fedd-4523-a421-1a5ff4a721c9,blunt.hamburg,available,69.98,73.98,high,low,5,namecheap,,,22/09/2026 23:15
de945ecc-953e-4069-85b1-714ec943c93d,troglodyte.lighting,available,22.98,31.98,medium,low,10,namecheap,,,09/09/2026 11:43
5e628e95-cfad-4f74-b8e5-38e0000dc373,plummet.apartments,available,57.99,57.99,medium,low,7,namesilo,,,08/09/2026 21:42
6d503227-31f7-4625-ba52-aa5d19b92fd2,unbleached.pub,available,39.99,39.99,medium,low,10,namesilo,,,12/09/2026 02:04
e541439f-be4c-445b-925d-651b74810253,anseres.plumbing,available,76.98,89.98,medium,low,7,namecheap,,,19/09/2026 12:08
0919c42a-5bb4-421d-9c4e-ad87f7399e6d,roll.cv,premium,710.5,94.5,high,low,4,namecheap,,,
560f92e1-17b9-488d-8f78-29be57ae67a3,balbriggan.garden,available,1.98,43.98,medium,low,10,namecheap,,,21/09/2026 21:25
50cbaa45-1afb-4dae-90e9-1237e3c5c52d,yours.film,available,65.99,65.99,high,low,5,namesilo,,,
b0b69c47-9ad8-429f-824b-9d31c81c9a2c,aloft.xxx,premium,483.6,483.6,medium,low,5,namecheap,,,13/09/2026 19:10
26209210-d0ec-424c-89d6-17c356424bbb,cosset.kids,available,6.79,19.99,high,low,6,namesilo,,,21/09/2026 13:00
9a18a57c-d98a-45fb-ba86-836f4a61cd90,sinusoidal.wedding,available,32.49,32.49,high,low,10,namesilo,,,10/09/2026 08:42
d5d37a37-65b5-4f10-b8ab-e8f36e8632d5,calendar.legal,available,74.98,88.98,high,medium,8,namecheap,,,24/09/2026 11:42
4a8458e0-e83f-4edc-8fd8-7c61fd9bb9b4,austenite.download,available,5.25,6.25,medium,low,9,namesilo,,,21/09/2026 04:39
810369bf-fecd-4da0-98de-5a291e2455d8,goodwin.airforce,available,103.99,103.99,high,low,7,namesilo,,,
5bf3982f-01ee-491a-80da-cf0e7adb175d,audibility.systems,available,18.99,34.99,high,low,10,namesilo,,,21/09/2026 02:52
d5f944f7-06a1-4362-a34b-5523a92b830c,interpersonal.run,available,6.99,,high,low,13,name.com,,,
3250eb26-961c-46f4-a921-361c5c3129af,blae.today,available,2.98,38.98,medium,low,4,namecheap,,,10/08/2026 12:24
6d18f302-9a19-402b-8c3d-316a76cf8cca,airedale.net,resell,,,high,low,8,"GoDaddy.com, LLC",28/06/2001 23:31,28/06/2027 23:31,26/09/2026 01:27
5c328a94-4ae3-4340-8966-149744a28c02,buxom.hospital,available,55.98,71.98,medium,low,5,namecheap,,,10/08/2026 20:28
229d94de-a16b-4175-90c5-6b8524df99c5,crappy.cool,available,5.98,50.98,medium,low,6,namecheap,,,13/08/2026 05:12
096393c4-517e-440d-93ab-a775ad72b1c1,hardly.melbourne,available,53.98,,high,low,6,namecheap,,,
ef80680d-5b6d-402c-a537-0d56160a29db,attentions.contact,available,13.98,16.78,medium,low,10,namecheap,,,19/09/2026 21:27
5e3b735c-d9f0-4f2b-9396-25d2353e986b,sunlit.surf,available,1.98,43.98,high,low,6,namecheap,,,11/09/2026 01:59
c57bd17c-37e7-4727-a5a0-e8fdb2477a61,quash.osaka,available,32.98,41.98,high,low,5,namecheap,,,13/09/2026 06:42
c1719f84-0529-4000-9407-47eab931010b,impound.eco,available,72.98,101.98,high,low,7,namecheap,,,12/08/2026 21:04
3f04de18-e0aa-4fb8-a6b9-fe1e5af3f125,arame.fish,available,46.98,59.98,medium,low,5,namecheap,,,19/09/2026 23:56
8993c331-c32a-4108-93c6-4733daf40479,pastoral.exchange,available,5.98,49.98,high,low,8,namecheap,,,06/08/2026 14:20
800f7f2e-d73c-4bd2-8362-3b9b6c94a44f,obsequious.flowers,available,64.99,114.99,medium,low,10,namesilo,,,10/08/2026 19:44
75318d2c-ce0f-4a0a-b11e-6a6b8d9b3a6c,cooling.graphics,available,22.98,31.98,high,low,7,namecheap,,,12/08/2026 05:28
4286d28f-b204-421f-8450-a2c04440631d,flying.makeup,available,1.99,17.29,high,low,6,namesilo,,,24/09/2026 17:17
340791a2-8399-480e-b108-4772725d7f35,untraveled.exchange,available,5.98,49.98,medium,low,10,namecheap,,,12/09/2026 21:42
39f59e79-6027-4735-bd63-f00bb806b278,step.tech,premium,781.25,,high,low,4,name.com,,,
8df3aa5b-b567-439d-8229-c82c080b9f33,polemical.blue,available,13.98,32.98,medium,low,9,namecheap,,,08/09/2026 22:53
75638d1d-e5a1-44f3-aadf-a9c11bca032e,taurine.link,premium,77.35,77.35,medium,low,7,namesilo,,,11/09/2026 09:15
aaaf9475-0797-4e21-8f10-6db652331326,dispatcher.host,available,4.98,47.48,high,low,10,namecheap,,,24/09/2026 22:52
79dbc675-ddc0-41da-b2a0-b6cc3b9997db,bakery.forsale,premium,78.54,78.54,high,low,6,namesilo,,,25/09/2026 04:12
1a098683-8213-42b8-8c58-ac36ea1c36d0,acetal.maison,available,24.99,83.99,medium,low,6,name.com,,,16/09/2026 23:47
0d288e09-2af0-48c1-b8af-56e01917d7c4,ponderous.tv,available,26.99,26.99,medium,low,9,namesilo,,,24/08/2026 11:10
4899d8d9-a659-48a4-a67f-5406c423baf9,armoracia.education,available,34.99,34.99,medium,low,9,namesilo,,,20/09/2026 07:23
db0c163e-8a58-4b0c-b67e-aecd60fa9aa5,uniformly.camp,available,62.99,62.99,medium,low,9,namesilo,,,16/09/2026 10:05
97b3417e-b195-4a0c-8770-8f525cc7e45a,spanking.us,resell,,,high,low,8,"Spaceship, Inc.",12/12/2019 00:02,12/12/2026 00:02,26/09/2026 09:11
b68ad152-2915-4fe0-ba17-8f101b8d9e31,logistics.domains,available,42.99,42.99,high,low,9,namesilo,,,25/09/2026 14:40
24794530-6a68-4a2e-9309-69f345e9556a,tippy.yoga,available,32.49,32.49,high,low,5,namesilo,,,13/08/2026 04:55
be650443-1312-4224-9a8a-6f004bd2be22,flamboyant.discount,available,30.99,30.99,high,low,10,namesilo,,,22/09/2026 12:57
0ea666a2-344b-47a8-b090-4ea8436a5f57,prepaid.sex,available,69.98,154.98,high,low,7,namecheap,,,09/09/2026 00:39
0f417026-bf1d-452a-96e7-545cfdc33e23,toad.surgery,available,57.98,68.98,high,low,4,namecheap,,,05/08/2026 21:06
87ffe0ef-68f2-4bf2-9263-1ff1d3db9ae9,ardor.gold,available,9.99,99.99,high,low,5,namesilo,,,20/09/2026 03:15
deef446a-b657-41bc-af54-056560734ae4,legible.condos,available,58.99,58.99,high,low,7,namesilo,,,22/08/2026 22:59
7c5f7635-e9b9-4814-80b5-d7c8da2120c0,briary.discount,available,7.99,43.99,medium,low,6,name.com,,,08/08/2026 17:02
f6440a77-9de3-45a9-962a-26023599d8a6,understand.pics,available,1.99,,high,low,10,name.com,,,
67205d8b-eed9-4c8d-8719-f46f4a9d54fc,bennie.eco,available,58.48,101.98,high,low,6,namecheap,,,23/09/2026 08:32
e810b4a8-47c7-4274-92fb-431655bbc9f5,paired.cruises,available,14.99,81.99,high,low,6,name.com,,,04/09/2026 23:11
ec759d1d-d027-442e-aeed-3df8a06f500c,wailing.airforce,available,109.98,134.98,medium,low,7,namecheap,,,22/08/2026 19:04
2dde8dbc-4c09-41d9-bdf2-027afbd52a45,isentropic.fitness,available,3.48,54.98,medium,low,10,namecheap,,,22/08/2026 10:44
17e8fca0-9e86-4adc-bbe9-1f399c2301ff,sku.us,resell,,,high,high,3,"GoDaddy.com, LLC",13/05/2002 02:20,12/05/2027 23:59,26/09/2026 09:04
1c409cc5-0ad8-4b0f-8d44-2b0dfee5ad6a,puddle.earth,premium,29.5,29.5,high,low,6,namesilo,,,13/09/2026 09:43
11c62157-2653-439b-aa29-27d8a188065f,progression.legal,available,9.99,,high,low,11,name.com,,,
7fe78610-92c2-4afb-8825-552a9b857866,enclosed.country,available,2298,2450,high,low,8,namecheap,,,16/08/2026 22:21
cf84451b-f91d-408b-8dba-a59bcf9eabf9,impulse.sale,premium,78.54,78.54,high,low,7,namesilo,,,
cd43a654-58b8-4ff3-bcb6-992e38a7d6dc,lustre.space,available,,,high,high,6,,,,
25cf3573-aaa7-41ae-baed-54ffcf31f7fc,soggy.red,available,9.48,28.48,high,low,5,namecheap,,,10/08/2026 17:14
60c4e651-9fff-4531-842d-a7c665828e0c,overturned.moda,available,41.99,41.99,medium,low,10,namesilo,,,04/09/2026 21:55
2dff582a-6d19-408b-866d-e68aeafeae05,sale.site,premium,3125,,high,low,4,name.com,,,
a869e2e9-bc52-4418-8a0a-102461ac2708,cathedra.actor,available,16.99,44.49,medium,low,8,namesilo,,,23/09/2026 21:50
9604759d-5ed8-4159-a284-ec7b861e3d4b,almaty.so,available,,,high,low,6,,,,
e94f6562-ac09-45bd-9ea5-d05e10a8bd9d,myspace.market,available,,,high,medium,7,,,,
c933c997-4e69-4a11-ae39-8a396ec19a5a,dirigible.name,available,8.98,9.98,medium,low,9,namecheap,,,14/08/2026 09:02
3915dec0-0228-4e07-80fe-2ce6f1df4a15,indanger.voting,available,1448,,medium,low,9,namecheap,,,
3443391e-f606-4f33-9745-ca3de995f2e1,bloomfield.surgery,available,54.99,54.99,high,low,10,namesilo,,,25/09/2026 21:57
5f45b355-2982-41d9-ab64-badd9a13493d,addresses.fail,available,14.99,,medium,low,9,name.com,,,
f58c0b03-94b0-4e91-80b2-9c4ba354f5c6,barracuda.limo,available,54.99,54.99,high,low,9,namesilo,,,22/09/2026 07:54
9e7cbd36-9359-4d28-b3a8-df4f6b00cef9,balanchine.builders,available,34.98,43.98,high,low,10,namecheap,,,21/09/2026 20:54
37556c99-688a-4ea6-b6f2-1e071c628bf3,olga.boo,premium,76.7,76.7,medium,low,4,namecheap,,,27/09/2026 01:37
57c68061-babc-42d4-b955-18d1c4f817a4,pulverized.clothing,available,19.99,46.99,medium,low,10,name.com,,,18/08/2026 04:41
433a46d3-c672-4143-bc4e-5651d5d70307,gqeberha.us,available,,,high,high,8,,,,
a5746b68-58a1-4145-be27-8107dce801d4,fasting.sh,available,34.98,76.98,high,low,7,namecheap,,,17/08/2026 23:03
23e52464-3018-496c-84b9-dd3c5eabe307,corked.paris,available,65.99,65.99,medium,low,6,name.com,,,13/08/2026 01:20
f96b7f99-de01-4782-b91c-ffd1664ed5b5,eulogistic.channel,available,12.98,16.48,medium,low,10,namecheap,,,16/08/2026 23:07
f32c982f-b924-4417-9dea-03c02c67fa47,careful.wtf,available,7.49,36.49,high,low,7,namesilo,,,23/09/2026 12:50
0dc60ee8-78fb-4a14-9fa4-f59eb6cae1f5,zooming.chat,available,9.99,,high,low,7,name.com,,,
d3c93e2f-cfc0-4394-972b-d6ae7be3fbd6,cerium.forex,available,11.98,133.98,high,low,6,namecheap,,,14/09/2026 06:07
0626a21d-b216-44d9-a3ea-546552ddad1e,aggregator.recipes,available,8.99,77.99,high,low,10,namesilo,,,17/09/2026 17:29
9c726c2c-ef1f-4450-b268-b136ebe4f882,viable.cruises,available,14.99,81.99,high,low,6,name.com,,,17/08/2026 16:52
e4d77ea7-7191-465e-9f73-1e35532ce8ae,headlong.day,available,12.98,16.98,medium,low,8,namecheap,,,21/08/2026 01:16
494301cf-2e86-4438-86cb-20eed7337982,breathtaking.farm,available,13.99,,high,low,12,name.com,,,
556db081-3491-403c-917a-298419f41eb1,cue.homes,available,1.99,,high,low,3,name.com,,,
91c61094-1627-4418-babb-63e7d7e8d4a1,cow.management,available,14.99,,high,low,3,name.com,,,
691ed81a-eb26-407d-9e5c-fb518237ddda,figured.design,available,12.98,68.98,high,low,7,namecheap,,,18/08/2026 04:00
e820b32b-e375-49d1-a6e8-763eab310b7a,wastewater.sbs,available,1.54,25.98,medium,low,10,namecheap,,,15/08/2026 15:34
917a0d91-9dfb-420a-9cfe-bec16c6c11e2,lingually.dog,available,5.98,86.98,medium,low,9,namecheap,,,15/09/2026 12:28
542f1ef6-6626-45a2-a5c8-7a52313a49dd,slain.onl,available,3.48,28.98,medium,low,5,namecheap,,,10/09/2026 09:53
98912f6a-88cf-4838-8541-3a64ce800970,mannerism.rsvp,available,12.98,16.98,high,low,9,namecheap,,,17/09/2026 14:14
90d2667f-c669-49a6-aff7-e09204b24f23,newborn.lifestyle,available,1.8,48.98,high,low,7,namecheap,,,03/09/2026 16:41
e33b93bc-ad53-428b-b727-0729f66c2a9f,clitoris.group,available,25.99,25.99,high,low,8,namesilo,,,24/09/2026 15:48
bdc29d30-076e-4247-a503-4613b42ef4a9,goddesshood.site,available,,,high,high,11,,,,
1c7c85c9-bcfc-4371-9e24-52742f33c824,bizarre.homes,available,1.8,21.98,high,low,7,namecheap,,,22/09/2026 21:11
1df8bead-c08f-4a78-b6a1-795f1732665b,elector.cloud,available,,,high,high,7,,,,
712dc8e5-2d6c-4533-b9df-ac12922ab82f,sparsely.gay,available,38.99,38.99,medium,low,8,namesilo,,,16/09/2026 05:55
566cb35f-79bf-4efa-812b-fb28bdf4301f,petrous.hot,available,52.98,58.98,medium,low,7,namecheap,,,08/09/2026 18:24
eb4768fe-ed51-4149-8f4b-85ac9e9f1370,buoyant.reisen,available,3.99,20.99,high,low,7,namesilo,,,11/08/2026 10:06
75762301-be2a-4907-b47c-6debb9c907c6,collect.lawyer,premium,3125,3125,high,low,7,name.com,,,12/08/2026 15:03
21aab506-a97e-4598-bc28-395ff581013c,humbled.bayern,available,34.99,34.99,high,low,7,namesilo,,,21/08/2026 15:00
b519c53d-d8e1-4dd7-9fc3-969b8c00dabe,enticing.salon,available,57.99,57.99,high,low,8,namesilo,,,22/09/2026 01:41
32db9cbf-bb71-434f-81ac-d3caad049f5d,uncut.gift,available,14.99,14.99,high,low,5,namesilo,,,12/09/2026 06:52
403b0319-4587-4a6e-82fc-e0b1a67d4622,solidus.sale,available,7.49,38.99,high,low,7,namesilo,,,23/09/2026 12:18
104f35aa-3510-46c8-ae9a-d96f40fd93af,biochemist.skin,available,1.99,17.29,high,low,10,namesilo,,,23/09/2026 17:44
2364fe5b-ac00-45aa-bd6e-34310484f7d1,buccal.capital,available,8.98,89.98,medium,low,6,namecheap,,,11/08/2026 07:27
7dc609e2-d78e-4ba1-811c-4db769fdc3df,banquet.wine,available,9.99,59.99,high,low,7,namesilo,,,22/09/2026 02:59
a83d4be4-73d1-44ac-8e6d-99eb99242eae,zettagram.co,available,,,high,high,9,,,,
4e9b8d00-03f9-4e97-a090-0ee588d4c412,nefarious.jewelry,available,19.99,84.99,medium,low,9,name.com,,,03/09/2026 14:57
1da61d7f-96cb-475b-a581-5bc68e813032,poached.vc,available,32.98,41.98,high,low,7,namecheap,,,10/08/2026 17:34
a236ff0d-532b-4817-8b75-137f5fb9a361,trollop.bike,available,12.99,38.99,medium,low,7,namesilo,,,17/09/2026 10:23
ca5dc308-a0cd-4d50-ba20-829d63642ca0,dances.realty,available,109.99,299,high,low,6,namesilo,,,
efd2c62c-a500-4b89-bfee-e0a96bc88f2d,abraham.guide,available,41.49,41.49,high,low,7,namesilo,,,16/09/2026 16:50
742824e8-7d00-4971-9664-e84d50b93807,cleaning.lawyer,available,62.99,62.99,high,low,8,namesilo,,,12/08/2026 10:25
9190027e-2703-4099-992e-1cd0f6661b11,breaking.xyz,resell,,,high,low,8,Dynadot Inc,06/04/2018 01:58,06/04/2028 23:59,26/09/2026 04:36
f9c1ce1e-63db-40a2-a4e4-c097b2b71d1c,estimatable.zone,available,,,high,low,11,,,,
051320fd-1cc1-40b1-811c-496aca35f996,jokingly.click,available,1.8,17.98,medium,low,8,namecheap,,,14/09/2026 17:23
fe899d4f-3607-446a-acc7-cb74a8553faf,beechnut.desi,available,19.98,22.98,medium,low,8,namecheap,,,23/09/2026 00:13
110ac984-1cb2-4192-a530-8c265bfd8b05,sudanese.airforce,available,103.99,103.99,high,low,8,namesilo,,,11/09/2026 01:05
e5911991-97f3-4b6e-9b95-ecbcc0a175c6,tripping.condos,available,58.99,58.99,high,low,8,namesilo,,,23/08/2026 05:23
5728d372-862c-4ab9-adba-abe59b20182f,ataxia.gay,available,53.99,53.99,medium,low,6,name.com,,,20/09/2026 19:46
e27e5680-979a-4e72-b6f0-9194722f2776,jailed.software,available,20.99,41.99,medium,low,6,namesilo,,,19/09/2026 04:16
483a8574-505b-45f7-88ad-ba83c0633890,inaugural.attorney,available,62.99,62.99,high,low,9,namesilo,,,22/08/2026 00:37
7288918b-2521-4b1c-95e5-07a07117070f,techy.guide,available,10.99,57.99,medium,low,5,name.com,,,22/08/2026 10:32
3b3b9b10-1a6d-4610-bb4a-6b6eb5c95246,remarks.insure,available,72.99,72.99,medium,low,7,namesilo,,,18/09/2026 03:12
8813832c-45f4-4334-a044-445a132f1093,streamer.capital,available,8.98,89.98,high,low,8,namecheap,,,08/08/2026 13:57
cf9c7d40-3d3b-4f4a-a4a9-c3fb1d54d608,agrology.haus,available,11.98,37.98,medium,low,8,namecheap,,,17/09/2026 19:36
baf8c0e8-0b5a-46fb-8e3e-ef104026b022,snuck.nl,available,6.98,7.99,low,low,5,namesilo,,,20/09/2026 23:46
58f8ef88-0c44-4e94-96fb-effea3432e44,napa.xyz,available,,,high,high,4,,,,
2f4ced0d-1e00-42e1-b713-888995243549,impress.talk,available,38.99,38.99,high,low,7,namesilo,,,
5a7226b4-7ed6-4a85-bfa8-7afa548fcbf0,magnificent.green,available,14.99,79.99,high,low,11,namesilo,,,25/09/2026 11:17
ba30d087-058b-4c9b-bea7-f04623b8bf95,gal.now,premium,116,116,high,low,3,namesilo,,,
375b2724-3fb9-4821-b484-e6f2fbf44311,symbolise.app,available,,,high,high,9,,,,
77168c14-3b11-4e14-94fa-16cc47b158cb,kurakkan.day,available,12.98,16.98,medium,low,8,namecheap,,,17/09/2026 15:21
0c078d26-4fd7-4595-a6d9-1873daaa786f,eudaimonia.date,available,5.25,6.25,high,low,10,namesilo,,,12/09/2026 23:00
d3b9b453-a568-40a3-a605-27bb442f01d0,radial.gifts,available,36.99,36.99,high,low,6,namesilo,,,09/09/2026 09:30
dbe20d09-a5bc-4657-b391-bf54fb0dd870,untaped.memorial,available,52.99,52.99,medium,low,7,namesilo,,,12/09/2026 10:16
1b5f13ca-2c04-4a5e-ba54-40db8ffe1353,snaps.fyi,premium,17.7,17.7,medium,low,5,namesilo,,,18/09/2026 11:55
523433d3-e32e-4284-9b15-bbeac1c1ad26,relics.coffee,available,6.98,47.98,medium,low,6,namecheap,,,18/09/2026 20:08
bfffc5c5-3d3a-4836-b682-f248f1905f33,naval.bio,available,5.98,84.98,high,low,5,namecheap,,,03/09/2026 14:07
5dc12d2d-84c6-46bc-954d-4c07e45f0b92,renovations.ninja,available,,,high,medium,11,,,,
c0786d2f-612e-474c-b7f6-5c46d177014f,outflank.prof,available,25.98,29.38,medium,low,8,namecheap,,,09/08/2026 17:48
f13d6be6-3cd4-43e2-9436-c581d006b22c,alsatia.coupons,available,5.99,54.99,medium,low,7,namesilo,,,18/09/2026 14:16
181563ce-7659-49ae-a121-844af290b01b,gibbous.autos,available,1.8,19.98,medium,low,7,namecheap,,,13/08/2026 07:44
61705e6b-63a5-4c8d-8617-9785d706f481,ranked.london,available,12.98,41.98,high,low,6,namecheap,,,20/08/2026 17:38
8bce200e-b410-4eb5-a844-c53619bf1603,wheedle.charity,available,14.99,23.99,medium,low,7,namesilo,,,24/09/2026 04:07
dd7d3d66-752e-4546-90bd-cd66709a9e3b,mining.soy,premium,107.9,107.9,high,low,6,namecheap,,,
3e777cd3-6db0-4e4e-8134-d03ea8888998,workable.diamonds,available,54.99,54.99,high,low,8,namesilo,,,17/08/2026 16:53
9a2105c6-653f-4966-b01b-4eb21b14d58f,northwest.uno,premium,302.5,302.5,high,low,9,namesilo,,,03/09/2026 21:41
44ebd0c2-e92c-4a02-a547-627e8495d40c,upright.spot,premium,116,116,high,low,7,namesilo,,,17/08/2026 12:05
1c98a162-0f98-46a2-b8db-254da99a11aa,wealthy.theater,available,65.99,65.99,high,low,7,namesilo,,,21/09/2026 21:57
d3e0b1dc-4c97-49aa-8fce-695c0ab70170,napping.financial,available,17.48,66.98,high,low,7,namecheap,,,03/09/2026 13:07
f69468d8-43e2-41ed-a78f-61802409bacf,violently.luxury,available,,,medium,low,9,,,,16/09/2026 11:00
33fb8a34-b9ca-4298-b47c-ef52573152d1,dickens.ink,available,2.99,32.49,high,low,7,namesilo,,,
abcfb685-c873-424f-a373-f25921b90e5b,sentences.kitchen,available,8.98,83.98,medium,low,9,namecheap,,,16/09/2026 20:11
23134098-aaca-4907-9366-c56d6ca0eb1c,corrupted.finance,available,20.99,64.99,medium,low,9,namesilo,,,23/09/2026 23:59
d20f88de-b547-4a2f-ac21-f9cac34d0073,insane.vana,available,2298,2498,high,low,6,namecheap,,,21/08/2026 00:58
0c210868-c233-4052-8919-ed3fc1ad77e5,mouldy.diamonds,available,54.99,54.99,medium,low,6,namesilo,,,25/08/2026 03:52
6b6f1c69-fbb2-4dff-8b85-0e97793deecd,leg.accountant,premium,625,,high,low,3,name.com,,,
cf1bd053-9ea9-49f9-8dcc-2e1969731839,arresting.cat,available,26.98,38.98,high,low,9,namecheap,,,06/08/2026 21:47
11719993-cdf1-4d73-9bce-8d162a438bf4,searches.surgery,available,57.98,68.98,medium,low,8,namecheap,,,20/09/2026 07:30
cdc4082f-c3e0-4e18-add0-771a695ac236,snow.ing,premium,3750,,high,low,4,name.com,,,
927d5e25-3ae9-4510-9393-97b4720c7021,wafers.tickets,available,359.99,488.88,medium,low,6,namesilo,,,20/09/2026 21:54
dd9da265-39aa-49cd-8a36-a82fb62793ff,vitalizing.flights,available,23.98,75.98,high,low,10,namecheap,,,23/08/2026 01:35
ef643d70-cfda-4ff7-a1dd-0e23449c7f74,passionately.lat,available,1.99,,high,low,12,name.com,,,
25bc264f-f235-4177-a869-b43ee288d30f,soundlike.attorney,available,62.99,62.99,low,low,10,namesilo,,,
e3f89f28-44a0-41bb-96df-8a84b5cacd22,swishy.nyc,available,31.99,31.99,medium,low,6,namesilo,,,11/09/2026 05:54
443510d7-8dcb-4b05-8ddd-9bf0ed447726,heartless.bot,available,64.98,78.98,medium,low,9,namecheap,,,21/08/2026 00:47
ffb008a8-ba64-4953-9f54-3b9c0a441e62,thrust.im,available,4.98,12.98,high,low,6,namecheap,,,25/09/2026 00:11
854c050b-d199-4f75-9790-8e58b94b546c,organize.lgbt,available,11.98,93.98,high,low,8,namecheap,,,23/09/2026 23:13
f9613ad8-564a-47d5-9e41-7f4300870b2d,left.barcelona,available,38.98,38.98,high,low,4,namecheap,,,25/09/2026 13:25
ffa5ce17-10c6-469d-81e3-f6829ae38085,naif.sarl,available,6.98,8.98,high,low,4,namecheap,,,03/09/2026 12:52
5a6cc4b6-e5e6-4ac0-83b0-7da051f88f02,instructions.equipment,available,28.99,28.99,high,low,12,namesilo,,,25/09/2026 16:47
9606a28b-ac7d-49fa-b9d5-1ebbccae072d,felt.contact,available,13.98,16.78,high,low,4,namecheap,,,25/09/2026 18:07
97619629-294b-47b7-8f7b-f004c22f4a67,morally.gallery,available,28.99,28.99,high,low,7,namesilo,,,15/09/2026 15:25
788634a0-6cc1-43ef-95e8-722a48f8f601,worthy.futbol,available,17.99,17.99,high,low,6,namesilo,,,
8f0d8c23-17db-4d11-8837-6088a4d85d9c,lifelike.plumbing,available,14.99,94.99,high,low,8,name.com,,,23/08/2026 01:41
28768ec0-084a-4ecc-8717-3e4efdfab392,jibe.guide,available,41.49,41.49,medium,low,4,namesilo,,,22/09/2026 04:14
9a28811e-86cf-42da-a22e-c647fc77f2b2,blazonry.red,available,11.49,23.49,high,low,8,namesilo,,,24/09/2026 05:06
b146ce30-f685-4393-8c4b-a800a9f7b437,radiantly.ong,available,18.98,24.98,medium,low,9,namecheap,,,15/09/2026 22:18
af3cb0d8-79e4-446f-a2f5-8c8f27c279c7,redeemable.clinic,available,11.98,82.98,high,low,10,namecheap,,,11/08/2026 20:14
b92429f5-adff-4498-82ae-afadd1ffd31e,selflimited.online,available,,,high,low,12,,,,
3e961796-991f-4493-84c8-00c69611dcad,delusive.cafe,available,5.98,64.98,medium,low,8,namecheap,,,14/08/2026 00:53
58da1973-3b33-4147-b1d0-eadaffb109ea,comma.associates,available,18.99,38.99,high,low,5,namesilo,,,24/09/2026 16:27
3b8aed42-f670-47ff-b7be-3ed6421bc36c,saratoga.red,available,9.48,28.48,high,low,8,namecheap,,,21/09/2026 04:45
854b705c-8c5f-4d8d-af0a-a282d063ac54,greyed.sex,available,69.98,154.98,medium,low,6,namecheap,,,20/08/2026 20:04
7c0ddebe-83a6-43c0-93b3-297e6ba6f0be,infirm.promo,available,19.99,35.99,medium,low,6,name.com,,,13/08/2026 20:32
5f3add14-869e-4d9b-b51c-af097fd40fb6,bent.boston,available,23.49,23.49,medium,low,4,namesilo,,,09/08/2026 14:16
525d8b3c-113c-4156-af65-19d9f133dd84,sweatier.me,available,,,medium,low,8,,,,
ceb25202-0b34-4472-92c6-f92bdfc512b8,abduction.cleaning,available,75.49,75.49,medium,low,9,namesilo,,,16/09/2026 14:51
3e6eaca0-0e20-4510-ad7d-e4c80cfc8ec5,graphite.villas,available,59.99,59.99,high,low,8,namesilo,,,24/09/2026 01:02
e1f211c2-2da2-4c34-ae11-1fcc107cb0e7,collegial.contractors,available,9.99,45.99,medium,low,9,name.com,,,12/08/2026 17:06
7feb9db4-49b1-41db-9612-cbe4f4477b02,countersign.cloud,available,,,high,medium,11,,,,
7ff649a1-14d4-4033-956a-548ddbf91439,allegheny.taxi,available,10.99,62.99,medium,low,9,namesilo,,,18/09/2026 10:28
59af96cc-02fb-420e-942f-6ebbed15d811,unentitled.london,available,12.98,41.98,low,low,10,namecheap,,,12/09/2026 09:07
6d6336b0-2f4a-4bd1-b5fe-11501f731c5a,darrin.expert,available,,,high,high,6,,,,
88142a0f-bd62-454a-962c-dca730a8ae33,neverending.rodeo,available,16.99,,high,low,12,name.com,,,
944d8b5f-9b62-48d5-b78c-8fd4ee7c2b5d,blackmail.rodeo,available,12.99,12.99,high,low,9,namesilo,,,24/09/2026 02:52
05e09dd1-46aa-4d34-b083-53dd6cd3f50b,semitropic.support,available,4.98,37.98,medium,low,10,namecheap,,,10/09/2026 03:36
8302bc7d-fd40-44f6-a2e9-827b83e0a079,hashbrowns.pro,available,,,high,high,11,,,,
7f7821a2-9f54-43f1-8220-3f9421edfc43,lipitor.garden,available,2.19,32.49,high,low,7,namesilo,,,21/09/2026 00:35
b159d384-efb6-4dbd-90db-df2a5dbcc4a9,recognition.plumbing,available,14.99,,high,low,11,name.com,,,
0096f342-cd33-42b8-afaa-27325486e1aa,spiny.pizza,available,5.98,83.98,medium,low,5,namecheap,,,08/08/2026 17:49
da230486-f5f3-43da-89a0-8d1bb3d2972d,trousers.blog,premium,160,640,high,low,8,namesilo,,,
454952b9-dd69-4003-9318-033bf7c45184,spheres.hiv,available,195.99,195.99,medium,low,7,namesilo,,,20/09/2026 04:06
d2a6f36b-0997-4ed9-9fcf-931149edf325,cast.college,premium,242,242,high,low,4,namesilo,,,
13567ae9-520f-4886-beb3-7d55be010117,variously.vin,available,6.98,75.98,medium,low,9,namecheap,,,14/09/2026 13:23
c609626d-28fb-416c-a7d8-494410941b5a,suffered.quest,available,1.99,17.29,low,low,8,namesilo,,,27/09/2026 02:46
05fb58e3-30f7-4f6e-b3a0-4d4631f258f2,sophisticated.sale,available,5.99,,high,low,13,name.com,,,
4378587f-3d03-47ef-8647-bf2fc51dc8f4,catcher.reise,available,102.98,127.98,high,low,7,namecheap,,,21/09/2026 16:05
a50fa4d8-52fe-4474-a88d-59b7c5c84a60,petitioner.click,available,1.8,17.98,high,low,10,namecheap,,,11/09/2026 03:30
07fd4be9-97bb-419a-8096-d6aa3f364112,decease.co,premium,325,325,medium,low,7,namecheap,,,24/09/2026 19:36
ae2945c5-118b-4bef-b826-195dc7fdf87a,agents.expert,resell,,,high,medium,6,"Global Domains International, Inc. DBA DomainCostClub.com",29/05/2026 15:15,29/05/2027 15:15,26/09/2026 01:26
81ee2f19-9be9-40bc-96ae-4706dbae9627,purposeful.cv,available,9.99,9.99,high,medium,10,namesilo,,,09/09/2026 06:25
39f2c66e-a1e8-40b5-8df1-4ce05686b2e9,studio.democrat,available,7.25,32.99,high,medium,6,namesilo,,,26/09/2026 00:25
593be297-36bd-4dfb-b1cf-72c4ad40f8c8,radiopaque.engineering,available,10.48,85.98,high,low,10,namecheap,,,09/09/2026 09:41
dbe8b8d3-5249-4bd7-ab2b-05b7b7e04ba6,extensile.catering,available,40.98,48.98,medium,low,9,namecheap,,,17/08/2026 19:01
cf574316-27b3-4e5f-b5c8-033dae57f7e6,preferred.fish,available,14.99,56.99,high,low,9,name.com,,,09/08/2026 17:53
b98c0526-42f2-4823-858b-65e0e0179b5c,droning.pizza,available,5.98,83.98,medium,low,7,namecheap,,,25/08/2026 05:28
e38072e4-1f3b-41d7-ba22-52efb7503313,vespucci.express,available,16.99,50.99,high,low,8,name.com,,,18/09/2026 21:04
463b7954-16f7-44ae-a4d6-206e1aa08123,legal.rich,available,94.99,1999,high,medium,5,namesilo,,,22/08/2026 22:52
c985d47b-9411-4697-a7b9-13bcf3eeb9bf,safest.gifts,available,36.99,36.99,high,low,6,namesilo,,,20/09/2026 20:39
00f3ad0a-0882-4120-9445-b48a9db27365,baiza.homes,available,1.8,21.98,medium,low,5,namecheap,,,21/09/2026 19:33
05fd2fa5-20a4-4be3-9a51-8e064cc30b45,subsidiary.theater,available,65.99,65.99,high,low,10,namesilo,,,22/09/2026 14:17
250181d9-67d9-4b7c-a734-8b7fe0e73053,agile.pics,premium,2660,2660,high,medium,5,namesilo,,,21/09/2026 23:00
6d586d75-5538-44d4-a7d9-675eb2a55ed3,foreign.osaka,available,32.98,41.98,high,low,7,namecheap,,,
eb66597a-ce53-4487-aa4a-66e4e8c903f5,novice.pink,available,14.49,25.99,high,low,6,namesilo,,,23/09/2026 02:23
e5d6a3b4-6ca6-4688-a87f-6c686b54ed35,cartesian.wedding,available,32.49,32.49,high,low,9,namesilo,,,11/08/2026 19:49
c6d06e96-8442-43c6-aaa6-46cecb75f0ae,horses.ski,available,27.99,64.99,medium,low,6,namesilo,,,17/09/2026 09:06
4ce4a3b3-c809-43c2-aff5-7015ee778a6c,basics.news,available,,,high,low,6,,,,
64d0e05d-8e72-492b-8d30-9cb185737376,unwonted.desi,available,19.98,22.98,low,low,8,namecheap,,,12/09/2026 22:48
a3ecfdfa-e619-4d82-995a-fb2652ad3864,activase.band,available,20.99,31.49,medium,low,8,namesilo,,,17/09/2026 05:09
8b30cd97-f2c5-45ec-a529-96d3a2d24e5d,stallion.adult,available,69.98,166.98,high,low,8,namecheap,,,24/09/2026 14:09
1635cb1b-e49b-46eb-b9f3-e361638fd3d1,absurdity.yoga,available,32.49,32.49,high,low,9,namesilo,,,16/09/2026 18:39
13ac7e20-22cb-400a-ac98-ec9608d96073,ala.markets,available,9.99,,high,low,3,name.com,,,
7cd99282-6fa8-4645-b4b2-e014167479fe,passively.day,available,12.98,16.98,medium,low,9,namecheap,,,15/09/2026 19:09
e7a97948-ee34-41ab-b546-82832effb42c,inner.exchange,available,5.98,49.98,high,low,5,namecheap,,,22/08/2026 05:54
d810dacf-46ce-4e5c-b835-56da1b5a3310,mete.supply,available,27.48,33.48,high,low,4,namecheap,,,10/08/2026 19:54
4385ffa6-bd1f-42b2-a602-19d96b622329,zonal.press,available,4.98,43.48,medium,low,5,namecheap,,,13/09/2026 15:29
961a1891-39a5-461b-983f-d2172127f741,delinquent.observer,premium,11.8,11.8,medium,low,10,namesilo,,,14/08/2026 00:42
1c11da71-c2c3-4f79-acea-295756e73a9b,stress.cam,premium,1875,,high,low,6,name.com,,,
052833d2-f29d-49ea-9e85-1d5dd353e4bc,cells.clothing,available,19.99,,high,low,5,name.com,,,
d14eca45-014c-4285-9c07-338d50fc18ea,spaciously.lighting,available,22.98,31.98,high,low,10,namecheap,,,16/09/2026 00:04
a7c7b538-aac0-4e4f-bc40-4f4e57b55d27,encysted.studio,available,14.98,52.98,medium,low,8,namecheap,,,17/08/2026 00:44
497ba831-4ae0-4393-bc72-e0780ce9efe1,lounge.talk,premium,71.4,71.4,high,low,6,namesilo,,,11/09/2026 08:25
9b964b54-0522-4dc6-ab12-ea6a46a85b23,surrogate.new,available,488.98,601.98,high,low,9,namecheap,,,22/09/2026 02:27
614bd73a-1a9b-4555-a680-08deb72f8a30,caper.courses,available,2.19,38.99,high,low,5,namesilo,,,22/09/2026 06:32
ad0130fe-f666-4d18-9f51-ce6ac86209a2,eyeglass.gg,available,,,high,high,8,,,,
e3229208-be28-44fc-8ea1-f32e4cb75361,originally.inc,premium,2015,2600,high,low,10,namecheap,,,15/09/2026 07:14
b6cdd10d-3e76-41fd-aa30-450aa73c37a8,deeper.bar,available,3.49,54.99,high,low,6,namesilo,,,17/09/2026 12:06
a5c6d03f-5a7c-445a-b4a1-1dec7f6de9f0,murray.navy,available,41.99,41.99,high,low,6,namesilo,,,25/09/2026 22:54
cca5f0ca-7c89-42af-af6d-8b1070334e55,olfactory.fast,available,29.49,29.49,high,low,9,namesilo,,,04/09/2026 02:12
267a6406-cbff-43a4-a79a-03079bda5fc1,picker.school,available,38.48,49.98,medium,low,6,namecheap,,,24/09/2026 14:45
df75964e-0ba3-45c3-9a44-953a7b007142,discordant.nexus,available,12.98,15.98,medium,low,10,namecheap,,,14/08/2026 10:00
664b8761-9d34-4042-b35a-d3849cfc844e,uncut.football,available,25.99,25.99,high,low,5,namesilo,,,12/09/2026 06:52
81140fc7-e937-4197-86b7-a53a71205c8f,gingerbread.yoga,available,32.49,32.49,high,low,11,namesilo,,,
17edca11-3d15-494c-92a8-66def5c2c3df,hearts.holiday,available,9.99,,high,low,6,name.com,,,
fdbf3d16-5536-4279-8163-0a79a19c1080,opportunity.gay,premium,325,325,high,low,11,namecheap,,,27/09/2026 02:17
33b70c68-a366-4403-9ee6-5d4bf8a0ce7a,airborne.exchange,available,5.98,49.98,high,low,8,namecheap,,,
223dab9d-9668-48e5-bc42-858906a4bc42,having.cab,available,19.99,,high,low,6,name.com,,,
f1f5d46d-db23-46be-8869-e472ff78f42c,linear.hosting,available,309.99,329.99,high,low,6,namesilo,,,
e04729b8-552f-443d-b0bc-6808f5676b72,afterimage.chat,available,5.98,58.98,high,low,10,namecheap,,,17/09/2026 15:42
c564fd6f-5364-4bc7-b38d-8ea00dd812fa,pools.productions,available,6.48,50.98,high,low,5,namecheap,,,16/09/2026 13:57
b7d9799a-d8b5-4aa5-bc0d-3d77aba4b65f,iambic.ski,available,39.99,86.99,medium,low,6,name.com,,,21/08/2026 17:28
bb2bff9f-c194-440c-bd4e-7e315c4610d8,cuffed.expert,available,,,high,low,6,,,,
ac3f48ac-b46b-47ef-b4c8-e38846167034,earthworm.mortgage,available,62.99,62.99,high,low,9,namesilo,,,19/09/2026 06:33
dc2236f9-63e7-40dc-9bf7-b47fb55c3567,papers.associates,available,18.99,38.99,high,low,6,namesilo,,,24/09/2026 23:21
28436902-19be-4ab0-a462-752169ce8977,backbench.hamburg,available,69.98,73.98,medium,low,9,namecheap,,,21/09/2026 15:00
a89848e4-f4b3-485d-b12b-238f3431bac6,dangerous.bike,available,14.99,50.99,medium,low,9,name.com,,,13/08/2026 17:15
2e622b46-93da-46ee-bcda-ceff5bd8e06e,crease.best,available,2.28,29.98,high,low,6,namecheap,,,13/08/2026 07:14
bc4c2cd2-ca10-4ea9-ae97-8cb97afc606e,subjective.furniture,available,27.99,94.99,high,low,10,namesilo,,,25/09/2026 07:50
67adc1de-52cb-4ab6-a10c-3634620f304e,end.science,premium,640,77.35,high,low,3,namesilo,,,19/09/2026 15:33
152033b5-762f-4d28-b02a-0beae2bc4ae5,arabis.cricket,available,23.59,23.59,medium,low,6,namesilo,,,19/09/2026 23:33
fc05e924-639b-4cf5-9695-45c6add6c995,proportion.golf,available,7.99,,high,low,10,name.com,,,
4a516a65-a79a-4587-84cb-126a6fd0ac14,eviscerate.broker,available,11.98,47.98,medium,low,10,namecheap,,,17/08/2026 15:10
ec100470-cdc8-4e8d-81dd-1fd18da4cd22,sobeit.gg,available,129.99,129.99,high,high,6,name.com,,,16/09/2026 13:51
9be80e2c-0ad9-49e4-9e8d-6eb2673c667e,leaks.hot,available,51.99,51.99,medium,low,5,namesilo,,,18/09/2026 06:46
173bfdd3-7b90-4576-8e54-24396e5dc32d,braveness.limo,available,57.98,68.98,high,low,9,namecheap,,,24/09/2026 08:20
1ba1fcfb-c7bb-454b-af49-a75c23bfaa98,postmodern.study,premium,53.92,53.92,high,low,10,namesilo,,,09/09/2026 00:29
a4d8ea11-f511-4e48-ab01-91de7bc1b644,policeman.new,available,488.98,601.98,high,low,9,namecheap,,,27/09/2026 05:03
63e57de4-6d19-40ae-a71b-ca0366ba900f,usually.beer,available,2.19,32.49,high,low,7,namesilo,,,